"W1","W2","T","Y"
2.23611086499602,1.55228273703106,1,6.64151426621573
2.24885321526884,2.2868266033153,1,8.78784957173632
-1.39567510896125,0.653371015221934,1,2.19995758875652
-0.821449457228451,0.643067500706862,1,1.93598675920067
2.1447037864857,1.03480673435388,1,5.50957074395651
-0.424432976891677,1.85839315955984,1,4.54143891512636
1.1317770394231,0.889052837309045,1,3.94606444255799
-0.251273597722178,-0.319747745176633,1,0.680698283675265
1.74515465082272,0.926676445035294,1,5.26141786537026
2.13562919048816,1.54910206315738,1,8.12171977309777
-2.28756002445196,0.436865456829201,1,1.01113186842791
-0.151214626913945,0.716026954918329,1,5.86400319209624
-0.153443657210723,1.64472500273428,1,4.796611395281
-1.82378894727776,0.0224477502369276,1,-0.149960888443795
1.16734776523893,1.29737499870224,1,4.67552606693656
-0.300382356710245,0.245988644683922,0,1.37200043571394
2.01634252829204,1.07935488515738,0,5.36465926621539
1.17407531216177,1.34756546124267,1,5.14317563337628
-1.4589065125352,-0.170442240521865,0,-2.04985231618877
1.55324228565408,1.7633161061397,1,8.50505284864546
-0.30434303251039,0.53534039924858,1,6.46968839243141
1.46075966210813,2.34280791744453,1,7.9579254482595
-1.55151507882962,1.33564647995823,0,2.14043301447133
-0.74447090548676,1.35525331140549,0,3.1673193520747
3.18725204299754,2.02865988335493,1,9.44230023731034
3.37320839502541,1.40587616284252,1,8.81134122351217
-0.774723449761791,0.672541039568232,1,2.17532312834485
1.67617754089429,2.05638107354937,1,5.42771615712011
-0.907443519349965,0.29921044194468,0,1.75457008626813
3.69234788026632,2.4538734218211,1,10.8310914406511
-3.3487288490373,-0.674794736132778,0,-3.49784537794368
0.472418814015535,1.56636574470805,1,4.5017481910184
-0.612911994138946,0.555862505410614,1,2.50776969108494
2.3168261338233,1.61819251671914,1,7.51385975492879
-1.03078373678684,-0.903143299272117,0,-1.64817101742237
-0.207440450752684,0.57175127128897,1,3.09260700671265
1.23450217650702,1.09918181533334,1,4.58945896727624
4.39932843468921,4.30912813906818,1,15.5375611685775
1.30052232705381,2.050881247227,1,7.5079283121128
0.384811859045216,1.97987247094635,1,6.13110582196734
1.40707009897462,2.39815328711031,1,7.86410249648355
-0.623757142884651,1.37083196479364,1,5.44071259270742
4.08908738260407,2.48971132711689,1,10.617355889867
0.163866507251585,1.1324894730594,1,4.57533820148177
1.65863321601636,1.44902440797476,1,7.0193170419789
0.643479109248511,0.775475952823987,1,5.01405682329774
1.18279699237888,2.36064306052142,1,8.62842756499096
0.163923017315176,0.601431933006195,0,1.89781984929422
-0.949311633033745,-0.74972892886396,0,-1.84674831472111
-0.753921353487646,0.37520943493174,1,2.99578387364767
2.26317309854367,2.14919551204986,1,8.3812985507476
0.343244498698163,0.931944649642744,1,5.04662831160101
-0.0207590484194233,0.954602756010035,0,0.932417087643052
0.269191719775511,1.01842340658427,1,4.73905322829489
-1.22603105442897,-0.32102389795473,0,-0.927747371387127
1.56527975721562,1.49065239357752,1,6.79473207598165
0.8060863275383,1.69118828208465,1,5.48144472069979
0.913120249619092,1.57733387565598,1,3.76058778396011
1.17252827240005,-0.674995206900654,0,1.58026072567248
0.890254083790802,2.59501126094711,1,6.32697092209062
1.38323654563949,0.853327311133851,1,4.1975408552329
-1.91203833532346,-1.29770878843139,0,-3.75412966643256
-2.24047257544967,0.493020662174151,1,0.7093799220677
-0.427554620906974,0.713885667701016,1,2.82313125736826
0.563494977076178,1.9620594301992,1,6.49785928920667
0.384709365454208,1.66343716127504,1,6.65591905529374
1.8770435725711,1.63814331416271,1,6.93709696374104
1.80888411128628,1.36034581138399,1,7.01310754807051
-1.21433251307798,0.201197593819988,1,-1.26023266753153
-0.604521278855571,0.314517659197124,1,2.14143102039423
3.15767443217055,2.71322966697915,1,10.5301989302773
0.0846631768357738,0.449520203499636,1,3.47473103059559
-3.13897930256172,0.353580101350886,1,-0.990974231670484
1.61982448917761,0.183081703183343,1,5.083477950442
0.182249136817715,1.03167565736704,1,4.43251115948715
-0.331737424344755,0.772199283019791,0,1.96801263754603
1.24606564935283,0.049819087724812,1,2.76016786500176
1.3853189292045,2.01817008364416,1,8.37118462701349
1.70034005958401,1.43404541684324,1,4.77374633814454
-0.0581741361940208,0.852210061312993,1,2.63068468764691
1.95825770396089,1.98552163436886,1,6.40362040234086
-1.47217506964987,0.371557684320137,1,2.67199714396863
-0.0576631067018131,0.188166240618597,0,2.18156884750405
0.0229913038530778,-0.394949331427629,1,-0.532782725075312
0.358083422049885,0.530627984282697,1,3.09057045192373
-0.872325620107214,0.934849811901419,1,3.87463235235874
-3.155828112108,-0.444619508284406,0,-2.03480133510065
0.297228712962575,0.143944291846735,1,4.16362901071454
0.961343982685811,1.47494221347249,1,5.85028918338856
1.30844822902773,1.44764245417597,1,6.96136469886032
-2.06471160911655,-0.599671686636092,0,-2.21686056921229
0.782215036281129,1.20370169988709,1,5.58097336299343
0.138922756327836,0.566835445635245,1,2.50094278579448
1.72183292033835,0.992291399226679,1,5.45307378836733
1.31755277591853,2.64137232164678,1,8.72066780113014
0.931422586179945,2.05977751482632,1,9.02406923645494
-0.00314259866391042,0.758960509604736,1,3.45980375071569
2.99327559352034,2.825426463281,1,11.4765740486272
2.04702263211208,0.585179416912713,1,5.62628476507931
0.0700161481853027,1.08600671630185,1,3.04254055668726
1.43038487793384,2.14205801666058,1,6.08835828613963
-0.637154073514941,0.924091351439379,1,4.19280375380505
0.265542050745113,1.70920341864656,1,6.76915271210366
2.35444318197236,1.24291957582021,1,5.03422808011867
-0.493477171314989,0.344406521008824,0,1.76587178871227
0.439545358814598,0.472514215122201,1,4.69937723118449
0.0669726711612714,1.279094844746,1,3.13995407562923
-1.40633477715743,-0.0194602895582763,1,0.0732337801607818
2.59127514453678,2.04193153708265,1,10.3445561162277
4.77249629849266,3.22506745273883,1,13.7370081597673
-1.95491737813059,-0.729914915088514,0,-3.32261832215583
0.0120246782068604,0.833227079764791,1,3.05428870689055
0.35434014150535,0.839291728993269,1,3.00230979427878
0.582384270953318,1.41283915194065,1,4.93960134177583
-0.455001348765926,-0.123843055369669,1,2.12194985456328
-0.679956437824599,-0.47194791761989,0,-1.52678693253271
1.85644049211992,3.32240867873467,1,10.1420500097984
0.734448797919643,3.35699165553105,1,10.4143317422227
-1.98955800834956,-0.699028014142292,0,-3.24278970886066
2.56849924909976,1.08793647056435,1,5.91137212991903
1.25974188489878,1.40536657843011,1,7.14101612624663
-0.674384854650248,-0.112396235005987,0,-0.0716107447925058
1.48955296393063,1.26340245889194,1,5.41388916244945
-2.0494639349304,0.087448312166412,1,0.60714371409701
1.2338647771906,1.24220618534422,0,5.33427730212361
1.65701416311879,1.06016282791858,1,4.45525897067277
-0.747596239622466,0.864153846405706,1,4.58912572028052
3.60934369495937,1.50383014786432,1,7.60608736539322
0.599521024584328,0.940234065954724,1,4.58527320353016
0.836223445075041,1.82025700936903,1,6.92445859910188
-0.810840451015638,-0.102689114437632,0,1.63640392788802
2.35488182972946,1.30053332544044,1,7.41455251398638
1.19713278536258,1.45183750155545,1,7.33595188039783
0.0300596284764415,0.64266794911114,1,3.36245187687613
0.409527057307945,1.01506612247515,0,3.53281208796981
1.46544328447526,1.36679727631094,1,5.01810162328889
2.14115958650263,2.60385355023249,1,11.7110314592598
1.15056041673998,1.52777768534637,1,6.48294396113021
-0.891751446490794,0.674513999306568,1,4.08811891371735
-2.34094193159924,-0.758572089394279,1,-1.62576740569409
-0.112596294622476,1.49468089546869,1,3.94244785282148
2.64665732951762,2.38949921941724,1,10.4881330124031
2.77563059587737,1.67085175615721,1,9.01233074581585
1.13798564866132,1.08478092606156,1,4.70594733326551
0.470793747334821,1.0875696405997,1,4.1119687888666
1.93927100098374,-0.03273959634658,0,4.1409201546542
0.689434458815946,0.897829726431116,1,3.7384051678076
-3.13269286865519,0.148176804478537,1,-1.39448512175658
2.2269679301361,1.67412909268041,1,5.87786289739924
2.10470638390173,1.07669169883988,1,6.91663035296122
-0.147574576540689,-0.422983674227348,0,0.2450156286895
0.0832333638314562,0.384475770050301,1,2.10950457103598
0.437896841798242,0.275453670142568,1,2.45098229281967
-2.58591842881039,-1.48270728021342,1,-3.42456639395603
1.48853990353363,0.671175101000617,1,4.56229756960786
0.767251241352326,2.49388355686852,1,6.97915514958119
-1.77234673519351,0.186693998249099,1,2.55061030166066
2.27580480194488,2.65728271818003,1,9.69645078476394
1.2886471249737,1.70488866073563,1,7.56342896400752
-0.71454093088488,0.410204033020545,0,1.56454059659619
0.364064436767767,1.20886282770692,1,4.20935180675308
-0.323529534452168,0.478410047237201,0,1.30375052529315
-0.76053380545673,0.776469105298568,0,1.73278035109178
0.450998643081052,-0.481466955673288,0,0.282662398282429
-0.356168381791188,0.246757757548502,0,0.193475030211548
1.35001690708696,1.67672635606769,1,7.83523626908301
0.648146633931949,1.49061781719766,1,4.73224639751862
-0.0725767948256117,0.527177197170487,1,2.06225145292505
-0.740359735189932,0.473169656155178,1,3.61424056160671
-3.97270704999814,-1.84056099011497,0,-5.92586275061079
-0.206357433663719,0.428502600052276,1,2.16294189721117
1.27978136658177,1.81387523188682,1,7.6286844522643
0.695246078967164,0.241391101650013,0,3.35534079161784
3.06434985154637,0.864461135680421,1,4.4028544969535
-0.97277311013845,1.09255083543505,1,2.98232866966014
0.16351711754163,0.475135293716053,0,1.49176325489517
-0.294483129866304,0.886718899165214,1,3.43763920314243
-0.693603107258246,-0.392369460455328,0,0.184404487908572
-0.159387807502493,1.07799018857452,1,5.3764915929896
1.21889113717127,1.1985119501562,1,6.19983321874375
-1.30863667129177,0.481414272478483,0,0.625071766957262
0.607930881009045,1.28203016865713,1,5.02691090670098
1.71851659860332,2.97117372734173,1,10.9696480059606
0.00705367576432031,0.939587358402477,1,3.35697225606191
2.1854978301773,0.531920069698929,1,3.9882731892512
-0.489256540283229,0.156871719179616,1,0.0860821412670969
-1.96824168014042,-0.185675388105603,0,-1.47974003203638
2.63092738712606,0.467110447669509,1,4.90651119379077
1.58922843396915,0.992534214583762,1,4.35024799350336
1.96572187914086,1.94240259393915,1,6.91229997306535
2.03353844560254,2.6544752165665,1,9.72219291490503
0.926033887887757,2.28776530510156,1,5.37929386929562
3.65935224130069,2.49345828588209,1,11.2677137841478
0.0589921097437567,0.992162698455894,1,4.05633268484538
0.760861374439056,-0.501762219007134,0,-0.986126664023642
0.494099016027813,0.989395800600485,0,3.67452371079489
-0.113059934115752,0.770589490795875,0,1.74494386375135
-0.566750112745469,0.741525285240502,0,2.07272921672691
1.09689462226332,2.25907330233729,1,6.36871249704617
-0.408466083428656,0.421829173706758,1,2.58238942920511
-0.725537070941095,1.59816282469321,1,4.44577552593249
0.641599006928078,1.31217177179191,1,4.37464432567566
-1.49959305061966,0.908552478261431,0,-1.65658943106437
-1.0137230070223,0.545919799577557,0,0.792122696627569
2.5476874881082,1.06969817810177,1,7.25947674356722
-0.433495081274885,0.500140119323419,0,0.731764506540727
3.81052054397722,3.74606615059018,1,15.2919526823029
1.30881854438027,2.53288734682582,1,6.98625463302353
1.64232778127745,2.56655179859159,1,7.59512597990272
-0.462984625592805,-0.227214444009051,1,0.841827165163354
-0.435567813277553,-1.00523334507704,1,-1.86484337360993
0.467538377986881,1.14735319823811,1,5.53244176053396
1.66034909541275,1.87937244143368,1,6.47073003839044
-0.791906710011516,0.540434450784468,1,2.33715949161017
1.18619651373145,-0.0093928818383342,1,1.79395594885266
1.98391809101261,3.21739587587188,1,9.38113729731377
-0.569913979014132,-0.289328100938806,0,-0.806208360510514
-1.16260437523235,0.827400556951608,1,4.43685324517573
0.507675113580036,0.195283737030412,1,2.35459632377329
-1.06676914669801,-0.410447444429666,1,-0.954870935007999
-1.41524425304698,-0.678728607095562,1,-0.153998994631694
-2.6997403700959,-0.150097474297044,1,0.504621994580997
-1.18529531714267,0.486869066576152,1,0.891600996062587
-2.3862066340108,0.931881390862672,1,1.04390516968544
0.652544843482424,1.70459016979482,1,6.48954333063957
-2.01562407754926,0.372488122803193,0,-1.4191623314783
1.8057191683516,1.93198276595527,1,7.80241237960958
-2.05220217325217,-0.437817831558828,1,-2.89784872654362
0.76858362443078,1.72971690121619,1,5.87484466663831
2.03281616410532,2.40622851414872,1,7.84889583652069
1.16491990651657,2.68363716506648,1,7.6277458340979
0.921829480375784,0.721957215672059,1,4.65221529998215
3.11690114011098,2.41295874638292,1,9.5084979104905
-0.297600795036908,0.0741515698330601,1,1.69293666701165
-0.894791978181137,-0.565007506212569,0,-2.09126828658404
2.65317328072594,2.54865336762925,0,8.95024928923197
-1.37950998001486,-1.5042303129332,0,-3.44880192566536
-1.9230404682274,0.168154903590222,1,-0.138190595492846
1.00500812732696,1.24063945636409,1,4.57443168139881
0.251108397047365,0.0248633003416836,1,2.9114478171908
1.91029182388373,1.504612775367,1,7.0658055504011
0.949185799437119,1.83004669101841,1,5.66959081615913
-0.18761801701755,1.20157008573247,1,5.6449822864051
-0.458518418017522,-0.367322783133316,0,-0.738716274158994
1.32578033435446,1.78408552916757,1,8.02649887044439
0.659515684404121,1.49110386111924,1,5.71250828666887
-0.602138673417918,0.966175267925955,1,2.42935271428472
0.181525944108504,0.559955690162439,1,1.69563109018684
1.23680285575847,0.347837864370461,1,2.72101652421477
1.71753939116118,0.664196975274066,1,5.01668564728421
2.07742915935497,1.20125092595985,1,6.59925161169968
1.32323787491373,2.63828870358579,1,7.70299282839879
0.141444211209636,-0.271423023732995,1,1.48216274215356
0.316267921540982,0.286553626637409,1,4.17431493557217
2.35131515882717,0.928215723066628,1,6.19076337659034
-1.74807023904039,0.390099190001189,0,0.0824817031792929
3.88787071707341,3.8865440574509,1,14.1411732355952
0.99536386266104,1.4746028112673,1,7.34643485553446
0.173295461209634,1.02544031166148,0,1.47071612638418
3.78190408495854,2.60332611541067,1,9.73206241771082
-1.39289538771193,0.0519387615495464,0,-2.06566196707613
1.18068234493267,1.56760152732952,1,5.22708165448224
-1.41255798118139,0.594553454887201,1,2.50245693973344
1.39640247650225,1.0525839403135,1,5.86267931001321
3.09778387006763,1.57339297594325,1,8.47002368463995
-0.481650979938991,0.505479743574637,1,2.6426227222329
0.803204194762301,1.4401581619749,1,4.97815090402784
0.785329771229756,0.788181686252481,1,4.27723012086876
0.707977262889932,1.56901119193243,1,6.09973336796239
0.58490947468121,1.27157566630608,1,6.2814753943426
0.999098033667879,2.15929461053016,1,6.55306420007428
0.983732701826518,1.6496727220418,1,7.42718179329138
1.54877597962583,0.499700644199764,1,5.19870776253688
-1.03823467612162,0.369433458226924,0,1.36663826476252
2.64056089594312,1.69658204542347,1,8.00504969733904
-0.957479407949645,1.1666559972374,1,1.95324922351066
0.98935537406522,0.453732878044996,1,4.32984481995112
-0.785962005677015,0.707367506414546,1,1.88527902056329
-0.124810484614672,2.01905528508175,1,5.68596206535113
3.18607068939779,2.71479498986733,1,12.5378139787511
2.38913300196467,2.91555636491975,1,8.46384790776587
1.91006828957308,1.74365775321042,1,7.72497106357964
0.51335085577092,1.03525069899442,1,7.58459171701213
1.21258762137833,-0.326183967406739,1,4.53935682190156
1.18979376240498,1.01101605355093,1,2.89371442105122
1.44409444853901,0.652930495943845,1,3.82199759155382
0.62996204875109,0.141738193279194,0,-0.216553111879167
2.31048444005506,2.04249194580422,1,8.62866972331854
1.24368991542052,1.51018063316831,1,6.06651943333255
1.60441332134287,2.90466427740043,1,8.03892141328394
-1.19616080024044,-0.519475768970094,1,0.59053289361285
3.66987721508232,2.2177058577031,1,7.9857491381078
2.97206225605957,3.1560902809861,1,11.2212176364555
2.4523833113693,2.9601084873885,1,10.3481276335935
0.916433537882549,0.587239775505046,0,3.3742414561916
0.804473595360641,0.595088843055298,0,3.38820073078444
0.997309864963819,1.72242896754793,1,6.90882526453928
1.05788462073447,1.85297548500441,1,5.86938419774104
-0.491910928389268,0.741080789424611,1,3.04915366605156
2.77359487382014,1.34108302335288,1,7.56505635399759
0.610592298490062,1.04596763309002,1,6.16521306430503
0.85799112836537,0.854364304984023,1,4.08309676774308
1.54040902574043,1.48052475576559,1,5.98875683966792
0.719356669983064,-0.00386476857577067,0,0.531403666843837
-1.14051051028747,1.20147463392475,1,6.48646350296154
1.33578898239834,1.2217476315078,0,5.80306569123357
1.54644696016927,1.510186115672,1,8.23659379237838
-1.86204895041634,-1.14480884524405,0,-3.84906033107109
0.836831513886603,0.949561936172065,1,3.91849243569298
3.93262184525552,4.02069748806243,1,13.2027679921803
-0.616101550240626,1.08956150119091,0,3.86125471614186
-0.78190084742858,0.511779820812633,0,2.07441848617496
0.573273279600253,1.37074451459131,1,6.81373354755799
-1.06280694930932,-0.686747316897407,1,0.366846119489828
1.58014624934759,0.944971571632619,0,4.73852479958571
0.243126286867849,1.08748195460227,0,4.1866168808484
1.56996740585132,2.32598490829373,1,7.71987739693884
1.35898628564758,0.497736941379377,0,6.44358816513775
2.27906539707753,0.912530971854884,1,6.94297385588174
2.81194164642795,2.3886374488859,1,8.30862993177192
0.353444305981152,1.38071714486851,1,5.99916591895521
2.55030070477649,2.7426062763014,1,9.62588979569987
0.78002642572898,0.907335444331605,1,5.40313237839729
-0.903656616169218,-0.256544260997642,1,-0.110745910003453
2.00963177575516,-0.0117049169297299,1,5.12755206527722
3.56221504185243,2.78793032541883,1,10.4748425095914
0.994475898961326,0.934996716972616,0,5.08081445423584
0.529147089716762,1.89351854519513,0,4.66177954704883
1.74816203604959,1.45867211510835,1,8.01918984991869
-2.08426358977407,-0.506579903287974,0,-1.8665459291095
1.87010325771772,0.848200960247114,1,5.38954269683655
-1.84230690330847,-0.15932493974038,1,-0.800748541108714
0.65172779133377,2.22413000953771,1,6.03815430879995
0.280141181145868,1.11643828928259,1,4.15010184886243
0.451061466334214,1.60058278472981,1,3.43159971122759
1.44971724834729,1.17342614423305,1,6.44892092066361
1.7228919545344,1.68497866200188,1,6.82285413811527
1.66740171223786,1.57976659854504,1,7.28308121986217
2.07351999105694,0.932632746014393,0,4.82632264553507
0.332571132373911,0.39159261442177,1,2.57515294696898
0.809880542811078,1.60153201297228,1,9.77164675366631
0.787618993595669,1.21378214218785,1,5.53484119965856
0.432003624064965,1.15188713032196,0,3.71767969687908
1.05520285982183,0.268891706942719,0,1.26000224965317
2.60873156991543,1.18758514154789,1,6.60445621104093
0.359239450762995,1.63439530392243,1,5.81368898324787
1.01703006126552,2.33601638985067,1,8.31331949500302
1.13015555512935,0.322267242877317,1,4.01605775513437
1.57844164301287,1.75296803731929,1,4.96093605564683
0.444598034456769,2.16232736957333,1,6.33636497591812
0.843233361217506,1.02784692751377,1,7.18315016025971
-3.18633980363973,-0.642204622699453,0,-3.80233072994517
2.71592036394847,2.93732395299518,1,9.96358963073291
0.357166487010923,0.794613483108423,0,3.08588114756286
0.115453306883319,1.8456063555036,1,5.45064473629724
1.4274348556325,1.3203586677102,1,6.80167248628832
1.23872176309288,2.06631248050582,1,7.62688667532988
0.622629803423381,0.792860016603827,1,3.70197451897046
0.445765452376946,-0.0918073384152545,0,-0.110682736090366
0.649901311233386,1.47240047791121,1,5.04510581031677
2.73730179951579,1.61630038430512,1,9.47333130868137
-0.872414337017537,0.82431734801153,0,3.06556885029852
-0.366548784002459,1.13746920069023,1,3.50989065724781
1.46230441000009,1.58054754257597,1,5.87033409331737
-0.546455250262517,0.626624199649213,0,1.91362996435059
-0.216346098496583,1.47880195509922,1,4.55457664499239
0.699915155147301,1.78335577894377,1,4.30396984251349
0.590716954516554,-0.182171430594162,0,-0.0682621925215567
0.891751961954126,1.55639952300761,0,5.89382191149128
1.59464001627855,3.16590113073233,1,10.1112268948583
0.714348686127224,0.869118304722045,1,4.68713919092857
-2.91588136384868,-0.467413785141085,1,-1.6285142035317
-0.250815823099578,1.68827928543841,1,4.09476308103975
1.14091682449348,1.42476495168521,1,6.61760540136068
-0.992575603569546,1.67569274570391,1,4.25480535969968
0.43718525654501,2.72061107200288,1,9.75622421118024
1.7887101452274,2.72945774952727,1,9.59423248388996
2.12306491263218,1.16158736225492,1,7.06046896137519
-1.24526674334319,0.64314112027614,1,2.2398538815879
-1.0651082015566,0.252191470223717,1,0.458434758123766
1.17055815168711,1.31263986803023,1,7.06757173642773
-1.67705927072215,0.205872987633697,0,0.121305396903879
1.47851239968888,1.50440634077942,1,6.84276869891245
-0.853828770696761,1.54751058631494,1,5.810328447496
3.83286088746802,2.99262691012506,1,12.4433825569434
0.106567561077033,1.17338800959684,1,3.13766494571156
-1.81680807120804,-0.89142842805334,0,-4.1111646536555
3.03838749609281,3.05050940852301,1,11.2922912677118
1.60068719997357,1.82295299654816,1,8.94285867444172
-1.68080425771588,-0.985381648188454,1,-1.99066292658025
0.0627418053819859,1.60762309594044,1,5.52519278843993
-1.73293512128495,0.0268718778037524,0,-0.410393951280565
-0.230382455405283,0.96047424384008,0,3.38389454625613
-2.78296309965603,0.229828052100051,0,-0.402222704778532
0.81638675439763,0.658159165888082,1,5.06422033395653
0.246624186055143,1.96317369676778,0,5.84494116712176
3.71570173128606,2.21982657063603,1,9.83864526620734
1.63818392978747,2.64308776628302,1,8.9075230682256
1.88206184788691,0.409850598815167,1,5.25799590675096
-0.500033941628217,-0.304906181706927,1,1.9131116004474
0.940291283431934,0.865800595322446,1,5.38863066816328
-0.947229661376906,-0.439540532995807,0,-0.281441527459284
-1.8366710022381,-1.29072091862074,0,-1.39523279744953
-0.584177656294294,0.718519784951705,0,2.17814776718672
-0.208616555049083,1.41271556098422,0,3.86742119162917
2.28541749376203,2.69420757093564,1,10.1350824373357
-2.00709393807513,1.93390822095326,0,3.93257543864334
-2.30118646223807,-0.07793436095451,0,-0.367448343193038
0.74934574274336,1.55088393126145,1,5.57281487757003
0.773091280277211,1.34607387826343,1,7.10924875945133
-0.705337973454737,0.0920559200295644,1,0.801710792190671
0.569497938041793,1.28430848159503,1,5.21794506188476
2.43390849839358,2.77799934423159,1,8.64537730243128
2.15280614853628,1.75577928802476,1,7.16651831340746
-0.775071019915986,-0.590368173250708,1,-0.390942184394543
-1.22878987563254,-0.927782401219641,0,-2.73905824057817
1.05022899849797,1.01104269000842,1,4.61956585611078
-0.15705024682189,-0.365375527839409,1,2.00711946426551
2.48050575331049,2.60440665527496,1,8.52926456730445
1.24433180734772,0.697714721665555,1,4.07810433964389
0.909336872857555,1.50748532557126,1,6.61634349367046
0.135166848965011,0.869097525460246,1,2.16108490653839
1.10253423463026,1.72984418893944,1,7.3212405728047
0.644584968487886,1.87368032194077,0,4.90892103868082
0.389041594172226,0.889486372377327,1,5.02655272011633
2.1393978573449,1.34664540245219,1,5.65031845547857
1.65912541975491,2.27431835034367,1,7.66869776029562
-0.370790868983318,-0.177324919192954,0,0.226796194607596
1.66813483607883,2.15611337916124,1,7.70599697153687
-1.37126669778323,0.698734806879944,1,1.1037204936328
2.49614451685314,2.3302570414361,1,9.55264727507236
0.478924465081165,1.76676304422821,0,5.55218895369323
3.34945212461106,3.0404062117682,1,12.8494242570298
-0.233010933740078,1.68096925705182,0,5.23068795347247
-0.102942005748134,1.25505721191782,1,3.72251062208169
-0.145813171502549,0.0753028816462269,1,1.92383523290255
1.82574179523151,1.89729260071569,0,7.70822647998124
3.81358379049943,3.21215056029788,1,11.0078079124178
1.119794913951,1.06031461839408,0,2.7117035913883
2.73111535324966,1.86593278026405,1,8.8674412378587
1.06041181165384,0.973358870140303,0,3.20492739149979
-1.40001895810204,1.17496510566236,0,2.44103040206754
-0.233099338552298,0.191650311833274,1,4.63631149314146
-1.07023348092032,0.285878013121983,0,1.48169781389441
0.19596351901316,0.220958532477898,1,3.3086704824968
0.356853162669169,0.972980688470879,0,3.03371302593666
-1.92080686397959,-0.168254077489135,0,0.36033942880036
0.00530835416368636,0.893383919326868,1,2.47716194322758
0.515400747065426,-0.718445728651841,0,1.13483474421733
-0.535240080312152,0.0320497147478758,0,1.70937277978894
1.61708794951884,0.349922853890191,0,1.87668842287704
1.03131568097473,1.77686079638538,1,5.61942087044074
1.882892276606,2.8994152430719,1,8.45692989092042
0.255891653213148,1.40609363733166,1,5.55649738138868
-0.367290666097899,0.440335383072243,1,3.42123008022571
1.13051512649658,1.50349860796321,1,5.41280013189371
0.215731519861624,0.197201201751555,1,3.83608535215227
0.123922810220209,1.42896471442507,1,4.27923549033989
-0.221702705482545,0.927310973876352,1,1.96424864678969
1.12340170946953,2.02078153938295,1,6.25544288123533
1.44473019492363,0.555021207401916,0,4.50312892863676
1.05514447810057,1.46876552481445,1,6.10699015700087
0.280099235515699,1.41166994388979,1,5.14811295612195
0.278980706845516,-0.0218285897330568,1,2.72410226631171
0.884765189437297,1.38353280798519,1,4.96022751754143
3.36105062760076,1.73530742013363,1,9.92797670994645
0.914933060586609,2.16047863693669,1,6.63837241185313
2.65811353455573,1.27054119800154,1,6.71997757271777
1.53757600921008,1.6102312532506,1,5.82630152383889
-0.115537520228197,1.17940119250108,1,3.72126338312591
-0.312889191760532,1.46643118338338,1,5.7167888888257
-0.784492360373624,-1.64581429182034,0,-2.18766053885293
0.526671856665568,1.71770866235393,1,5.86623330906046
1.07108153393663,1.85681401258982,1,6.08654161384839
0.255114927199732,1.39576687236293,0,3.96775591415605
1.94626270109578,1.17137736083363,1,5.32384847822605
-0.226990555246712,0.323200937187908,1,2.08530729061564
-0.165353200873291,1.16148663920158,1,3.44996942656845
0.159921525481741,0.854081983738982,1,3.67134900436294
-0.509605198608275,-0.502553141664974,0,-0.981726740025602
-1.75492890428058,-0.167336573286749,1,-0.300107937514894
1.35548939496645,0.896727116132242,0,4.66894202404655
-1.39511165432334,0.435645160075955,1,1.90208368501839
0.409126240961125,0.40282844745446,1,2.77237064293168
-1.60364954872199,-0.532401000104416,0,-0.946060214668737
-1.30777978466619,-1.07404731056265,0,-4.36668844398135
-0.225136905252223,-0.512550947911367,1,2.04697838438205
-1.85805479982539,-0.321238816619986,1,0.749297249933917
0.501456807196376,1.24158470045149,1,5.71135595458742
2.57813070268682,1.60185305561513,1,8.09299783187372
0.973832870238806,0.707771868970837,1,3.47456424439548
2.14186894418396,2.8279694945808,1,8.29582802368844
0.373497700573583,0.457538116917631,1,4.2979768068076
0.654715843233432,1.33479547871454,1,5.34470211391657
0.185641693647903,1.45184159727697,1,6.84139657613828
2.11669205013812,1.35474321480078,0,5.10057313457548
-0.624178756446269,2.16330419943099,1,4.63183662489991
-0.602672893361628,0.718175469421398,1,2.10236580207933
0.945032368288541,0.879684235053273,1,4.53451183814897
0.864625955890541,0.48917617004187,1,2.61166345866688
0.956406519716212,1.85693027339124,1,8.69817792919706
0.623095255834873,1.31859153756327,1,3.76552863027289
1.81682466996502,1.41143561718375,1,5.06674674300258
2.25685650058538,1.28456020892584,1,6.52576463612795
0.117200503489239,1.22432758453563,0,2.8014821839787
2.02086538372882,2.00355149786072,1,6.91181125768875
2.42109217003476,1.8925996415354,1,10.7928379132007
-0.227288130628068,1.38619344653963,1,3.60288019978472
-0.17228443090959,0.348256663786678,1,3.71910202476157
-0.958745822061363,0.904354417933284,1,4.27712899576189
2.07795130593853,1.97811126461448,1,7.55543172383722
-1.41015819205547,-0.979052407095468,1,-0.726301990232043
0.520306438466672,1.57587817029535,1,3.97101434419668
-0.482585147347476,0.0127320138921778,1,1.13901274929309
2.77132277900217,2.04493940663641,1,8.30894236335795
-0.625799353014683,0.698124433660108,1,3.26083647597524
0.19988758471654,0.280461188371466,1,4.17207610718083
-0.304718695506468,0.877030346807887,0,1.07949429265769
-1.73732981641248,-0.899212851398935,0,-1.05350282871227
-0.0036325323360975,0.216250478637583,1,4.23443053996417
-0.69677506619029,0.713562528558752,1,2.41828553024506
0.172526796238974,1.27334581756074,1,3.15160045453077
0.426686130997235,0.745335707442966,1,4.46246235594679
-0.337436536706545,1.20398350364942,1,4.17327964958038
-0.569362089483943,1.078788364516,1,2.79739892792693
2.08466457603667,1.19965205375648,1,8.37456441497541
0.40886936041162,0.126658869000037,1,1.93994243028485
1.04454929663012,1.60307759205703,0,5.47341677731608
2.60849470710175,1.69078207898419,1,8.41974414006515
0.651075183237147,0.987868108175677,0,2.11006473708304
2.60560344402618,2.128348925532,1,10.3246213622369
1.0297803941072,1.40013419244832,1,7.68429237480315
0.65602382495563,0.0559401877510168,1,3.32147308640971
1.47487316469069,2.77214765678698,1,10.1941095510809
2.7443434367248,1.39797330499991,0,5.94986498596916
-1.31671553840658,-0.645094566064867,0,-1.90579152619875
0.154530339212556,0.556126574038507,1,3.82386426316974
1.18899706431899,0.954437269322049,0,4.41487065240855
-1.57550411816144,0.4760504289253,0,-0.436725145639026
1.53674427811336,1.7166347817411,1,7.03808905510497
-0.369990302666051,0.798247253906127,0,3.46458711230134
1.10803352638977,1.03417523797441,1,4.45271487976708
0.232624188726388,-0.309264098317886,1,1.11207392162057
-0.80802637725922,1.58841726923296,1,3.2688741436681
-0.188544305083809,-0.251359600852419,1,2.0639913392121
0.202166187112566,0.668074850432176,0,1.72661901317872
-0.273586860297733,0.268957931805415,1,2.84487247440745
1.59187237393649,2.26696423743416,1,7.15964235658044
-1.28197138419669,0.52856649787952,1,0.753398044960551
2.70585610844495,3.09872773099806,1,10.8181212197889
3.94087892818727,1.36414014987056,1,7.43439748631693
2.12100327283297,0.773004010684422,1,7.13000737983145
0.372944533797818,1.01688833481208,1,4.6942878467033
0.786252039460066,-0.0211411263512324,1,2.41591911569897
-1.4639750312404,0.941334508924646,1,1.01459823233134
-0.625943559968579,-0.427886112549832,1,-1.86180952454005
1.13940427832146,1.70320976617084,1,8.03474731359932
0.283002167809617,-0.603779959042869,1,2.87970640573391
0.145696183428326,0.0502981037895973,1,3.08535910928614
-1.72809690666385,0.912749305792264,1,1.13320026914428
0.821361343439686,0.426398823737255,1,5.08775894407949
-0.671245358732096,1.44252386744611,1,5.02767922434828
1.76802496651709,0.347914939930122,1,3.14212443439768
-0.268883249405076,1.83656086267947,1,7.1932674217102
1.12813854876198,2.24622266787283,1,5.90504620298344
3.02986211111935,2.4493574226108,1,8.01466395957379
-1.2818587715276,0.401199862989752,1,2.05255303485123
-0.289548490828775,0.238667598825358,0,0.0668721596873625
0.498716991359026,1.92432380651064,1,4.22645565714835
1.51296575073142,2.69296634172992,1,7.58037229573419
2.72915427743206,1.90931063545555,1,11.4782461958648
0.950297366980138,1.60003335301712,0,5.65778457622209
-0.274020964311173,0.769070103418609,0,0.920048426096655
-0.151090713079503,-0.0152015461585158,1,1.36172674882807
0.198169115408024,1.63770051654678,1,5.89464438900424
1.12027103805091,1.57155922071754,1,5.94698093139289
-1.96112740781646,0.40796998265639,1,1.21428096610944
1.19909778002969,0.384595004397337,1,3.70907648649812
0.534766939133167,0.679946217298256,1,4.75825099061361
1.35507124111296,1.49202901664737,1,7.15865835139409
0.268422629381432,0.252074052626275,1,3.71057613008272
-0.00231694450156128,-0.262971939274891,1,1.28596280147308
-0.425839041315675,0.794200068284213,1,1.57736626707609
-0.221399467997439,0.821234310579763,1,5.30294962432057
-1.25666081625907,-0.233732941292383,0,-1.20128812654133
0.0175854002175571,0.0700001337482532,0,0.676260062773879
1.67303475390875,1.51484378101116,1,9.16625109218151
1.58245620109123,1.55555116636094,1,7.66070565223574
1.31372304723548,1.64013143074671,1,6.49498035975653
0.984306256137175,1.71707472296789,1,7.12335891665983
-2.19469309701285,-0.235413960698334,0,-1.31748762920343
1.09665385846904,1.83355570542467,1,6.92020623546297
0.217778136899453,1.41143516935045,0,3.57279748312742
-0.352972624796249,0.619361674728718,1,4.14239125055558
0.157305598465965,2.5292688745305,1,7.90968010549029
-1.19730845100371,-0.271535689606084,0,-0.920911332200432
1.98556176094111,2.63230660994932,0,9.02157326325143
-1.20184040757306,0.047457384036482,1,0.88143328959518
-0.63322930214052,0.308473997060125,1,2.18384594338031
-1.67976404648654,-2.51123778410204,0,-4.23805306189627
0.800209804400381,0.91431467674499,1,4.99421938579045
0.428526887819795,0.262393977901226,1,3.32817209386229
-1.08967587456234,-1.03302275850428,0,-1.35206874748721
2.67662589735218,1.9706273249026,1,8.12266276582717
0.531126749997672,1.31204722806442,1,4.05812621772997
0.346731165798277,1.31211832603181,1,6.17273138720687
0.705997733669354,1.80892353574807,1,7.61070803690019
-0.856704074982667,0.529934487664565,1,2.98065042338006
1.14486139765795,0.960669222417032,1,6.15670004928984
0.680445079577512,2.53055238733329,1,9.14939980438136
0.576321076382453,-0.396120510505988,1,1.25755445372304
0.806788955390358,1.02952381905874,1,6.23762949517939
-0.127747491662803,0.980505110146584,1,3.98532179458239
2.28793458422347,2.87000648593065,1,7.68422931597861
0.521266935183199,0.565253203751232,1,4.15896248431287
-1.62122765369486,0.899185954666646,0,1.52364685704662
1.78677757678559,1.46120828860338,1,3.22046050424273
3.17300316303582,3.08389310132234,1,10.3137933808127
-0.0975842491473586,0.181663348279101,1,1.18641245202578
3.18097969748801,2.49616048317232,1,9.82735629921847
0.80643072441553,1.30262291381375,0,4.11467825772421
-1.5731725412317,-0.0150153707264109,0,-0.17505004146387
1.54315217755071,2.02453849683279,1,8.04726670633959
2.4310429806997,1.82875056478911,1,6.11544873167382
-0.138681376320078,1.43148732740396,0,3.62170433217022
-0.0313205649055591,0.771322933363191,0,1.8932136580361
0.520477541687004,1.54138005671788,1,5.87518628704617
-0.424958865020846,1.37101839091676,1,4.14002607337278
-0.121747035395004,1.14709332574051,1,3.07908053491445
-1.71006839660735,0.171004955056246,0,-0.980906959767247
-0.473957343032603,-0.554512755884888,0,0.00707742598566297
-1.12341900319214,0.72901002736297,1,1.84880481224997
1.6097684722542,1.1402165480978,1,5.64446107888154
3.22638405241244,1.47979062896882,0,5.75830823746036
0.109999499453934,2.07006913456299,1,6.20821136156267
1.36381426067136,3.24501973897767,1,10.1521531045672
-0.739982496873553,-0.2924153958261,0,-1.62974484631359
1.50016315385559,1.09433864262222,1,7.78153391971633
1.57303784916719,-0.105350233568497,1,5.36985048181961
-2.47481953079795,-0.285097622145232,1,-0.72776453629511
0.39696707691347,0.915582042868604,1,5.05998270677938
1.59193762867066,2.64095120000898,1,7.28981778734455
-0.829102683954195,0.0507599484571969,1,1.23413352921524
3.00308434149028,2.75475934535764,1,10.8893819864463
-0.760165415365321,-0.712665903294038,1,-0.843691840772667
-1.51359159138819,-1.04181576762671,1,-3.98204432665594
4.12541098029421,3.0530766989292,1,12.0533298504695
1.46318241558251,0.906911597866724,1,4.96392468426901
0.478492092818879,1.2307503444728,1,4.69382603708324
0.749235757166558,0.539392831248295,1,3.85746854089667
-0.468474356972746,1.00960140589022,1,4.19108899838125
0.705664059910207,0.436529929655207,1,3.96625842920848
0.697739448294703,1.6983864136704,1,7.25978445628964
0.14337401640511,1.73097563119824,1,5.69321104593478
-0.232817204670927,0.413072522907691,1,2.98729617727667
1.25088619868497,1.37344768356702,1,5.77579513983292
1.89508093312853,1.17120807040118,1,6.4441715276368
-0.166032363787645,-0.118469569515765,1,-0.0692734561372494
0.269206746248793,-0.0444194991098317,0,0.0680080221471866
1.84646711655681,1.73063926654787,1,6.96660561987192
-0.98026821634519,-0.653642134662481,1,0.449451943249158
1.38397910773823,2.2544527268131,1,6.70411467608983
1.04863008595148,1.0140167698364,1,4.40406489024674
0.065406485577659,0.804470867714443,0,4.25026038998725
0.269051618548215,0.845581664653226,0,3.54422642544329
1.77338242666068,2.179161829353,1,6.9708046325863
0.752985577455795,2.23402688210742,1,7.57766521872215
-1.31518661942138,-0.48130045284965,1,0.23385965843476
2.09381894402615,1.39523694596122,1,7.38624230476716
1.14492075324717,1.18140444273967,0,5.52082764097313
0.54757341126384,0.311468362046392,0,2.71959988021399
1.44331758615609,-0.367760406797535,1,0.883943683267217
2.08724454672336,0.196440572930521,0,3.13068905786761
1.62526108066327,1.5785076333111,1,7.31496664305388
1.77062451933812,2.2356202238356,1,8.47747549784839
0.805900420789535,1.30190107361127,1,4.99256616124339
-1.21803527849845,0.761004969471677,1,2.51683340168902
-1.71610425874761,-0.524365403133184,1,-0.296321430957724
-0.826898163714852,-0.10267467344604,1,2.71741520849011
1.10389748552854,2.22447865677943,1,8.05675759593996
-1.01477011939404,-0.012580564863153,0,-0.934914205681441
0.427229920330714,0.326464212046151,1,4.42955286324025
0.803533781059807,1.13177679732432,0,4.30675344350511
2.01577152583275,2.31414926067889,1,8.14045718891286
0.951934361380749,0.591655688943526,1,5.04182321123352
0.473710541519617,1.90253819493408,1,7.20183988064639
-0.832115948955977,-0.0799590035439635,1,1.87081316484474
-0.40816692948203,0.347464639738603,0,1.7892905799288
-1.08004420993221,-0.0386184460461523,0,-2.16333048259687
0.684554311935231,2.70649133031134,1,9.04968252754661
2.74477754632237,1.93491695085058,1,9.09984766628291
1.741478812033,1.75523366678691,1,5.66665106914463
1.09622065713839,1.0987438385157,1,4.84236129649131
1.09268768937203,1.89121464178704,1,7.94229565734545
-0.0878405599024767,2.06751935334624,1,4.43679753699261
-2.321305591359,-1.18920044592968,0,-3.69819697808929
3.49989094092337,3.30190331051853,1,11.7516323343867
-0.161152833285965,1.81748013268767,1,6.81740805950526
0.798284961923516,-0.199773631699625,1,4.25775192493787
0.728347158860803,0.652606306729382,1,4.51014835426766
1.26709107534064,1.33344310320774,1,6.72005506536282
1.71039910521499,0.919836091784663,1,4.23162464083927
-1.53137621257073,0.947778928277597,1,2.31832338316731
0.386906585672023,0.550802307088615,1,3.56642705438839
-0.382948818789812,0.410598359212984,0,0.672413509316852
2.13220903033445,2.04002696416845,1,7.32849420436143
0.523552462563727,0.636293662514305,0,2.87868683216778
2.93538640764366,2.27349799874983,1,11.1875773191338
0.471311938746458,0.70624387147745,0,4.0637237805759
1.00569503637518,1.64403353155126,1,7.43843458664552
-1.0484842374489,0.0499751084313276,0,-0.905853426953767
-0.284804137362357,1.40682541640768,0,3.56845926839992
-0.950386739961713,-0.0283586380460716,1,-0.725240801253219
-1.60080255404493,-0.27592184231977,1,-0.300546625582511
-0.709607957614484,0.74657848631108,0,0.717198949923137
-0.180540045256935,0.965494725938323,1,4.82670460400807
0.803001174692996,1.05377832874598,1,5.17512655430583
2.67799077394578,2.15983859765098,1,7.35892001734434
0.44882171782337,0.951715063124753,1,1.97008401134571
0.0243383307011268,0.84186798424629,0,4.06359342055733
0.735363560622821,0.687500465489086,1,4.21633191679319
3.23565330992465,2.7209684234673,1,11.0453718815122
1.27898416736251,0.93601084529883,0,3.24815316592671
0.104354211850256,1.67074894776697,1,5.81005862421685
0.690714547197359,1.38253718542957,1,5.5498431266597
1.14861466581947,-0.340572510843341,0,0.618667914669213
-2.25124581313482,-0.70440317798395,0,-2.71455005860677
3.74829658277018,2.56458059838397,1,10.9155724515082
2.793255810224,0.653976275519353,1,6.10233975461057
-0.681933566388077,0.128375663535419,1,1.95636318915365
0.202914325311412,0.570525397432833,1,3.18653420637822
1.09413877390459,1.4288120524752,1,3.6561441518438
2.55324143052575,1.42934088980381,1,7.26730837045355
-0.192543843082802,1.8573398245588,1,6.65302023760067
0.616742494695631,1.34615526917239,1,4.25443196724122
2.56574841526107,2.65725384222035,1,9.36560631240046
2.00669828220346,1.24918849035532,1,6.06021110931112
-0.236303658853659,0.959838634798233,1,3.06180728269753
2.58295594907163,0.838987047677991,1,5.00575468831885
-0.419814313169363,0.987595631384831,0,2.36495580237499
-0.356514810741477,0.341397754230035,1,2.95902335615673
0.75088327585193,1.03307725933717,1,5.43143679088187
0.152097799885337,1.41686646789167,1,6.56029610732597
0.149991438944329,0.875814351443877,1,3.53262693072828
0.190787143790323,-0.115113180774329,1,1.35723213636509
2.69941540524957,1.99521765951148,0,7.67190217916348
2.20354443762225,1.50659653195,1,6.76343161873741
1.86630478254033,1.5461536298589,1,6.85788172632109
-0.957204893222402,0.438952712048968,1,0.546377499726914
-3.20495668710581,-1.41533622271537,1,-3.42724435776656
-0.85824534072271,0.875687312119548,1,3.20321860642799
-0.555329841867462,0.281924636883874,1,1.17807943351781
3.23596666831711,2.99440719608971,1,10.2355932686333
2.94962347332764,0.579512304549196,1,6.37472046896136
1.39297638989873,1.19876504215789,1,5.23903226967202
0.927224951626065,0.234001122041073,1,2.11545356543897
0.953287815276697,1.77199138177876,1,6.12901033768587
-0.683396881075837,0.22613197908908,1,1.29173867888588
0.39687829755533,0.670507744388142,1,4.75450801816764
3.36301510308413,2.47877213179538,1,9.78495230039961
0.918424161296053,1.06801916640754,0,3.9272589144638
2.42379927140145,1.1837121482366,1,5.45437360825031
0.789430997898561,0.928177503713216,1,5.57009671911457
-1.86289325474067,0.780099552269609,0,0.866273503512989
2.12401777591223,0.964083498362947,1,4.2214646077343
-1.07629611840729,0.260518515415594,0,0.0202856470010549
1.51049501750313,2.23912796301665,1,9.27492204260498
1.49771244092925,1.36109583744978,0,6.12991600308068
0.360978386475164,0.525356989363519,0,2.88297225180996
0.664348069172395,0.972916160711755,1,5.08883957668571
-3.04866000068432,-0.913757183593042,0,-3.81060135680111
3.2019817167916,1.84151002860663,1,9.10357475514908
0.859310078118821,0.065864711019044,1,1.86249857787545
-1.44932327518143,-0.408037262490324,1,1.23262400888522
0.863579440399117,0.701892807723254,0,4.00422829236023
0.495344580033656,1.03035371693432,0,2.90780702014154
-1.32487413410468,1.26334709675512,1,2.88876661502977
0.722724487343132,1.7820390140486,1,6.41384596300654
-0.582988980356371,1.52387351650991,1,3.88702830553332
-1.53453621916118,-1.07531847018347,0,-4.67323819544864
0.099661136835381,0.687321951777961,1,3.12409334755512
0.466567851670436,0.723565790689931,1,4.23939786682835
1.74401633116917,2.62594940790141,1,8.36267121111752
1.11717037039143,0.908776181718594,1,3.77290813720522
2.20305567653234,0.669545288976353,1,5.88323221629474
1.35584422715018,1.89931908611473,1,8.64738712294931
0.0990538369536589,0.380053043190471,0,0.0311164233627121
-1.03763642638429,0.54967790873226,1,1.54254864617692
2.18111660772386,1.97160632576538,1,5.96638978947911
1.31768289274215,2.15787245394458,1,8.05125087778566
3.00363358562804,2.84432466365047,1,8.54047021905626
1.11876472800679,0.407341075786062,0,3.43935392070918
-1.12397591638661,0.0180953326935691,1,1.33770684167768
0.491264235094442,0.985703496495646,1,4.35478680496227
-0.614758919364846,1.89340265362292,1,6.13724527779593
1.31225502120519,1.97812516111365,1,8.46878861762178
2.20130156891276,2.62308840806288,1,10.047677248646
0.0687278662451986,1.27693495197746,1,5.50649048346006
2.62765168690012,1.83850637830174,1,7.48829013260876
2.38159651072843,1.27141821644157,1,8.02262708494851
-0.479808361348862,1.59039013709077,1,3.70728899431
0.149929334298322,0.584219694732055,1,4.26194311216374
-0.253968991906045,2.00895738244003,1,5.6762098710914
-1.02126016865082,0.882264643352897,1,4.22849048475841
0.997815193554194,0.834716921279265,1,5.24559740239168
0.157690469874061,0.793625812445342,1,3.77044362218733
1.3018737204225,2.37188923378043,1,8.48489154589486
1.37318268100644,3.28931005278878,1,11.1311184242308
0.507641734358937,0.539482506706365,0,1.30294441029007
2.1404820153538,1.58922783271524,1,9.06766004554833
0.153415452350724,-0.63156429576142,0,-0.452041280800544
3.4727222292904,1.85870753267662,1,9.63870851780564
-0.862445736160087,0.347315654032625,1,0.00585000811092984
1.22303076112226,1.54763405383225,1,6.04946805563476
-1.28259397532043,0.0358885026855931,1,0.503701847726431
1.20295213384308,1.71680090745218,1,7.65971991900154
-0.0868119195597401,2.0612625335475,0,4.55640437770269
2.14954414320984,1.68220490220833,1,8.4930173360819
1.17456525578524,0.817071338528808,0,4.64504454031463
-2.40864789448716,-0.193618519117913,0,-2.86137487471722
-2.40154401088083,-0.399567263925258,0,-0.407059330498659
2.08403515785509,2.0559862515264,1,6.65559260983011
-0.00450627302762885,1.7258025679214,1,3.84251616632313
-0.635740968183097,0.800137485352597,1,5.42965999542326
-2.10564895140939,0.0639318519640886,1,-1.06802966191151
0.0888176298150464,1.3282438184722,1,4.37302996158341
-1.44669519689789,-0.579304252856501,1,-1.19697522083687
-0.0978410337343572,0.157838988465676,1,1.9496971332947
1.30150862198354,1.44954865838876,1,5.89818164903007
0.0311190499059745,0.976808086627057,1,4.74035863592716
1.93267666996055,2.02444448575279,1,8.01528791524516
0.951703926464382,-0.322104551704076,1,2.29518510460189
0.0765851577956866,0.847624664023325,1,3.67563343052323
0.278860742286277,1.16071125832174,1,4.60062228777277
-1.67167556643147,-0.211746327403707,0,-1.20531617978649
1.42255080284439,1.95672989313449,1,7.9937100097691
-2.22482213597166,-0.835721290646929,1,-1.98136782300256
-0.20859414931273,-0.139376068044742,1,2.21105302381099
0.405054264625056,0.820219891340927,0,3.01495213001501
1.67242259736012,2.14044223373726,1,8.78311521494202
3.18814482714269,2.44131874048736,1,10.7797869924618
1.96478796022772,2.40130395742965,1,7.80688304223194
0.00795358302801996,1.33361113399735,1,3.53305631692422
1.55022581591695,1.15558905738304,1,4.32958191589497
2.39029627138174,1.58327564770917,1,6.38610221282407
-1.52620944882557,-0.163738102524898,1,-2.87293305321427
1.53072569612789,2.29947521437581,0,8.80797876635768
2.05486572532356,1.25190979411057,1,7.57642550080921
1.70837261310822,1.19639554271324,1,5.25367398616608
-0.165662056624339,-0.67468546646664,1,-0.0422255601415161
1.09264210122894,1.17288491688722,1,7.30945075483259
-0.785277059755712,-0.686180110096964,1,-1.74685191630532
-0.412527661470061,1.50028957288809,1,4.56607772681444
-0.723329946911509,-0.488469098506279,0,-2.08204662671511
0.675832413612666,1.9905217360436,1,7.09157845984671
1.82771959602927,2.22930354461449,0,8.8240763615462
3.49687986503788,2.49229348052115,1,11.2000055437444
1.35693382731823,1.36950730724522,1,6.54436902636926
2.28934350374619,2.86873788830023,1,9.20350890624471
0.0169355838365047,0.87021235001084,1,5.17316465646572
1.1497075649482,1.30638787407707,1,5.91185362754363
0.77958332710116,1.60253248120546,1,7.17377132635911
2.08912449730337,1.88178894210415,1,8.50577766890235
0.672524172190743,1.67989300285209,1,5.65724128752541
3.04773261852247,2.28504344723013,1,10.1003760784818
-0.839798183082805,-0.396197390497482,0,-0.61595299495269
1.92623820492808,1.28614552750196,1,7.12106545945151
1.30254327457924,2.13241563807111,1,5.50511705432706
0.363673264031206,0.741966328103868,1,3.44306179580913
0.787194808269809,1.57349497214665,1,4.58201491656753
0.543003270120774,1.61325237208081,0,5.1435061877769
-1.36133907328186,0.396121372108356,0,-0.647611684283949
2.96029771004145,2.685103672348,1,9.1523602133501
0.720480459083973,0.846724019038364,1,3.95640508388799
0.821017358588042,2.08260689050141,1,6.30470715991818
-0.00121839601456708,0.408679089619053,0,1.30085315232587
-0.443596072484632,1.61710333065294,1,5.08902461858411
3.38557258919856,2.62034206522628,1,10.5638718250647
2.41729469545125,2.36875231337078,1,9.39036896440336
0.742980167198058,1.99255082631972,1,5.51910551096846
-1.84969189587142,-0.689839343196922,1,-0.905588783839322
1.46711395345752,2.15045773911839,1,7.06321211181492
0.842892512516522,0.6870378337426,1,4.1086652690758
-1.07356525494693,0.918508674481558,1,1.71177076255452
-4.04502333487547,-0.081616299919407,1,-1.8884356277496
-2.68626122509671,-0.833534899556709,1,-1.82790316201457
-1.54676866547136,-0.384208909856106,0,-1.19707144894983
0.423283641212196,0.61958403555079,1,3.77096887249806
2.23755985245405,1.28080927626155,1,7.96041194430691
1.65763400216489,-0.244576256934031,1,3.71257781979914
-0.315358357608054,-0.915928319801477,1,0.727451002023122
-1.06738355639604,-0.273249005155342,0,-0.98797196867908
0.70261856648131,1.23749381939382,1,4.94671654179613
2.28471213688031,0.641752814313727,1,6.30864229607182
1.40495051316849,1.1322863548648,0,4.82735610566511
1.68586590672441,2.20154096630901,1,8.47450592360719
-3.31030705395086,-1.84332777944687,0,-3.90020868652083
-0.673278859390565,0.165295557488093,0,1.62487308874394
1.82488945471472,1.9877354413323,1,8.47850969010073
1.71632759653377,2.3760328058381,1,10.7154185300739
-1.45429810463411,0.675388190360696,1,1.00265854880207
1.13337136920024,1.19726767426895,1,6.33093867046859
0.0356743713073799,1.16896232213958,1,3.81868658549957
2.60241940196317,3.35432925109581,1,11.6589154197768
0.503706208833643,2.00666134453798,1,5.04494409599894
-0.803610158092547,0.465626338392566,1,1.02575366901138
-0.850675018414,-0.887050463473568,0,-0.560436221885028
0.122664380880369,1.58928058202396,1,3.84020051856258
3.07865171092904,2.39987243137175,1,8.598032036231
0.352646247380532,1.46997662714071,1,5.67389873972238
-0.452473523424989,1.75547331702901,1,4.51432911320353
1.17364755416196,1.97488485286701,1,6.14700643308861
1.34784268591546,1.92515905023584,1,6.15783992415368
1.49332999389638,1.61585961753876,1,6.24007402587394
-2.09747497110774,-0.762917748972321,0,-1.66726279108662
-1.41039864945644,-0.630533233497658,1,-0.978130467079068
0.808303032742849,1.49774465896518,1,6.54929085930857
3.8229756581958,2.01159605792697,1,8.60598079979701
1.78587983144989,1.51251216872476,0,5.90542902288772
1.11376719579377,1.96182917061006,1,7.192549945336
1.93356923330748,1.89133945392308,1,7.84496679336999
-0.615565027486664,0.434819680665495,0,0.362484313355536
1.39181735493928,0.676063815241789,0,3.77825340046806
-0.359838803997299,1.01440408545429,1,4.42931099255785
0.672370556900533,0.905538126486735,1,4.46709311020873
2.65341706959686,2.52877698029296,0,9.12351177720798
0.156485887892702,0.545334795581973,0,2.94641690003657
1.15149361690804,0.473566002511256,0,4.43579102702228
2.10819515832303,1.39495563562298,1,6.8374355965671
2.26583843190459,0.817204997569273,0,3.5951811291219
-0.018911379440153,1.5609360676969,1,5.95076305037115
3.02720763053526,3.67864136580656,1,13.7812137306436
2.40844693450583,1.99012857044255,1,8.39136683976783
0.686888243884917,1.03645522719546,1,3.82050210048687
1.68058419060841,0.761445272679489,1,3.83915810766309
1.08553598128014,2.09856126907237,1,6.46851964644193
-0.794096567930203,0.124383726614265,1,1.58715153648769
0.756947940917264,0.794813272380223,0,3.51154568644268
-0.325636200803325,0.80309743941206,1,3.52721719285245
2.24627869686029,3.23948378064981,1,10.5377699532796
-0.891167603698312,0.565700760343587,1,1.61600118105521
1.00905662669731,1.0013142757364,1,3.67628833506342
1.52993844446968,0.900655529155058,0,5.23403146664528
0.875530347639426,1.92001747797436,1,7.07183086459786
-0.157840795218953,0.133893637613071,0,-0.34200001601453
2.84854053524111,2.24457660244778,1,9.47300903787248
3.98602307548066,2.52872876673564,1,10.9921285909556
2.90103023291741,2.54188077345531,1,10.9678930277165
-0.252925197683437,-1.40879441545802,0,-3.52046085939435
0.203017864636785,0.735876193586824,1,2.03132159077285
-0.452303238671924,-0.455091780919752,0,-0.472551441108162
-0.454470355097664,1.14561831941704,0,3.69350930199683
-2.46489808779691,-1.32636134411743,0,-4.17900462704877
-0.593035963511682,0.500335408321759,1,1.11793008778627
0.546140241038552,0.8966980589553,1,5.09677503163449
0.468919764170683,1.22353532467366,1,8.18483099792711
0.116543234720857,1.29462107485371,1,3.46161642294811
-1.3416964209212,-0.251873737912954,0,-0.286223390884978
-2.2801346292078,-0.0162233668364509,0,-0.958070744096431
-1.86040736022227,0.0549769011626779,1,-1.1560237159417
0.525808885524271,0.907073485359203,1,5.91309451571128
3.05308321679854,2.45544088925626,1,9.55527379698914
2.15647551170821,3.08360095965974,1,8.60703835913533
1.45828138015086,2.55048300858885,1,7.79006114209041
0.390971493601944,1.99647943440761,1,5.35506868824622
2.02075883325719,1.08213155877941,1,7.36013200252937
1.76337581586038,2.8394735296255,1,7.51758487940841
0.999281173409983,0.812845632143445,1,5.25412103179747
1.94054062848243,1.73068753961359,1,8.61874024549935
1.57644820661612,0.515520262827316,1,6.16185589894956
-2.86409105413088,-0.984658889981855,0,-5.00191702990476
1.99653896933676,3.0032982097017,1,11.8285084522063
2.20307718128595,1.69591768894654,1,9.12527257782886
-1.56099483223116,-1.55059045050218,0,-2.51755143505566
1.18254464102587,1.45212234085177,1,6.83687356577898
1.46662036420306,1.27719218931563,1,4.37776770952858
0.725210356972261,1.62959288432175,1,5.62465877896563
2.52263309830706,3.54342208038337,1,11.8510814438775
-3.18635196694172,0.329473848343721,0,-0.0068733383016315
1.62470578874982,1.04691034174993,0,4.72943688088957
0.913390493668617,0.259134396511494,0,2.67613676548376
0.998137007513909,1.6865586507739,0,4.84118192947204
-0.715460594673109,0.431827849282915,0,1.97531182012592
0.405014474245668,1.22285258090247,1,5.3016015770318
-1.12653011968276,-0.360678071280392,0,-1.21188991186391
-2.84121195955551,-2.57276204056154,0,-7.22907625977706
2.57890144821513,1.06567864257142,1,9.44533780032186
0.986348773911888,0.0747121966299751,0,2.13758073707064
1.13513912767002,1.48500372978372,1,5.34121495998582
1.14928011241351,0.269371305665243,1,3.59755164046379
0.479413617954802,1.66789957176772,0,4.34604294245108
-2.02206778418272,-0.160887368477699,0,-1.6619557668311
-2.28140453661479,-0.261099344888601,1,-1.50639029109033
-0.464581324638163,0.36224809749333,0,-0.366816909062377
0.468122893711348,-0.0645241882705099,1,3.89528894411516
1.40704928669894,1.93716456200091,1,8.39189120504463
0.0271122345801268,0.0167459131366192,1,2.83480666333044
1.11331894030247,0.73231515781539,1,5.08518214626288
1.3918500838008,2.1454629923213,1,7.26314570194769
1.34888950036518,2.79860676892248,1,8.41761512027976
