"W1","W2","W3","W4","T","Y"
0.866634742124006,0.306890220846981,0.0934563169721514,0.277761644683778,1,0
0.815773052163422,0.376397927291691,0.538583033950999,0.838531270856038,1,1
0.291213660035282,0.0715509729925543,0.120575335342437,0.774874345865101,1,1
0.794384218519554,0.574180789990351,0.335051675327122,0.385908416938037,1,0
0.501937200082466,0.68049403000623,0.329020152101293,0.180314727360383,1,1
0.637979448772967,0.95609861263074,0.284797503147274,0.0712887835688889,1,1
0.0964133471716195,0.873853743309155,0.907374807400629,0.654206745093688,1,1
0.762278051581234,0.457523757591844,0.150492667686194,0.343348590191454,1,1
0.958777386229485,0.55608985456638,0.794957576785237,0.129036639351398,1,0
0.741662216605619,0.467127067968249,0.113258964847773,0.912667370401323,1,1
0.353696457808837,0.602913258364424,0.594683031784371,0.0800782304722816,1,1
0.984588806517422,0.759691837942228,0.248900909209624,0.897336346097291,1,1
0.764210973400623,0.396189255639911,0.419627007562667,0.165005210554227,1,0
0.279047139454633,0.462980132550001,0.431632905034348,0.83093643351458,0,1
0.0761895140167326,0.307176251895726,0.710055867675692,0.0946250290144235,1,0
0.18336486001499,0.518323455937207,0.395812754519284,0.361952994950116,0,0
0.588484539883211,0.97027399064973,0.826353046344593,0.460336522432044,1,0
0.926291746320203,0.470331214601174,0.924481755355373,0.636958360671997,1,1
0.409739353926852,0.344554928364232,0.468057847348973,0.17620183294639,1,0
0.335548839299008,0.225787505041808,0.91337873833254,0.385480601573363,0,1
0.258426580345258,0.0259988084435463,0.918487089453265,0.438264627242461,1,1
0.995262216310948,0.654365028254688,0.410442135529593,0.342153820674866,1,1
0.515128310769796,0.184605021728203,0.61977638467215,0.913585297064856,1,1
0.780035947682336,0.990478252759203,0.106477069901302,0.194529693340883,1,1
0.667578246677294,0.272065094439313,0.108369608642533,0.164332545595244,1,1
0.745670785196126,0.29198670713231,0.999813905917108,0.865099985618144,1,1
0.360283894697204,0.346596506424248,0.24652105406858,0.605887173907831,1,0
0.0846765676978976,0.317763146013021,0.158046519849449,0.0694355443120003,0,0
0.877793461550027,0.705982295330614,0.880643125856295,0.501548311207443,1,1
0.520566768012941,0.442862250376493,0.108455746434629,0.530729201156646,1,0
0.814679245930165,0.248464044649154,0.533082322450355,0.109235923504457,1,0
0.39632548391819,0.167707077693194,0.0702044782228768,0.585446466691792,1,0
0.565811208216473,0.363207777263597,0.0999389151111245,0.290845592971891,1,0
0.659271324519068,0.0740444611292332,0.835746308555827,0.00304908095858991,1,1
0.817216172814369,0.72876728605479,0.939052010886371,0.193087670020759,1,1
0.546088916249573,0.388975156936795,0.401052030967548,0.815239714691415,1,0
0.720329413423315,0.51841364079155,0.972419094759971,0.282928975997493,1,1
0.11328003089875,0.670022843405604,0.236204938497394,0.0622363628353924,0,0
0.286730696214363,0.69401426659897,0.99640471697785,0.601009701145813,1,1
0.887620237423107,0.520039209863171,0.371361313853413,0.856235365616158,1,0
0.794068404240534,0.607708055758849,0.264356835046783,0.7049025434535,1,1
0.906770923407748,0.717662263661623,0.879422467434779,0.663266705349088,1,1
0.93215806549415,0.727262761909515,0.0909876779187471,0.356845329748467,1,1
0.704793857876211,0.378655854379758,0.431233410490677,0.0667249166872352,1,0
0.487473075510934,0.142034763470292,0.835934378905222,0.435571914538741,1,1
0.257660971954465,0.609068714547902,0.760244912700728,0.583573769778013,1,1
0.62029071059078,0.128309458261356,0.34518324630335,0.0824948514346033,1,0
0.873338386183605,0.975371302105486,0.0407422077842057,0.642441944917664,1,0
0.348445858806372,0.203326832968742,0.664950147038326,0.886348794680089,1,0
0.0432550727855414,0.108641693135723,0.255601449171081,0.427858126116917,0,0
0.474036382744089,0.738066578982398,0.484766295878217,0.277046793838963,1,1
0.0892844216432422,0.49663892807439,0.470053723081946,0.698297420749441,1,1
0.668298176955432,0.000569394789636135,0.773960652993992,0.899864689214155,1,1
0.815675833960995,0.017150891944766,0.935365094104782,0.243897920707241,1,0
0.41863654833287,0.666734903352335,0.594275259645656,0.900781047297642,1,1
0.43372277286835,0.897256545023993,0.781845558667555,0.307228175923228,1,1
0.864480505231768,0.795355997048318,0.958272590301931,0.649840207537636,1,0
0.22538248449564,0.282966959988698,0.0966657178942114,0.465803169645369,1,1
0.386411630548537,0.297389649553224,0.196816112846136,0.622754164040089,0,0
0.486293521942571,0.979241901542991,0.302284149918705,0.352278422564268,1,1
0.278776508290321,0.907887103734538,0.208247153554112,0.694381187204272,1,1
0.659076705342159,0.065116603160277,0.500373459188268,0.496508455602452,0,0
0.906922611175105,0.444705948000774,0.585887033725157,0.807471045758575,1,1
0.0274873781017959,0.89282423723489,0.237293198471889,0.567032630555332,1,0
0.56484192982316,0.547760787187144,0.56560720433481,0.22944208746776,1,1
0.442868026671931,0.984635419677943,0.91755908401683,0.213029741309583,1,1
0.635914673795924,0.656174770090729,0.170957794412971,0.890002321684733,1,1
0.807262032292783,0.513271649135277,0.819364848546684,0.590833303052932,1,1
0.837976186070591,0.144150570267811,0.100783025845885,0.724876472493634,1,0
0.63666854146868,0.306048114318401,0.568537274142727,0.417749193031341,1,1
0.71934078168124,0.210613140836358,0.588028751313686,0.799972728826106,1,1
0.0228735313285142,0.274159088497981,0.621253707213327,0.0523337970953435,0,0
0.403981572249904,0.02220697584562,0.152845797128975,0.263314894866198,0,0
0.568921230500564,0.00760925747454166,0.359788483474404,0.0602614241652191,1,0
0.423387270187959,0.00781934452243149,0.387714085169137,0.612456867005676,1,0
0.126432637916878,0.624387476826087,0.814222519285977,0.263287817360833,1,1
0.859637711197138,0.669270617188886,0.140850036172196,0.437283445615321,1,0
0.428427773993462,0.604435520712286,0.180229831952602,0.227574996650219,1,1
0.76038106251508,0.214878650382161,0.493145244196057,0.58406249107793,1,1
0.950517776422203,0.156541613861918,0.0798638898413628,0.612422202946618,1,0
0.60487032472156,0.145087270764634,0.00271970545873046,0.87429157551378,1,1
0.974369000876322,0.987348117865622,0.297009907662868,0.866721038240939,1,1
0.495534669375047,0.351349301403388,0.0332995161879808,0.134892577538267,0,1
0.425207013497129,0.127688460750505,0.939749337732792,0.435276236850768,1,1
0.393333605956286,0.102205301867798,0.224281105212867,0.808433545287699,0,0
0.4616744290106,0.245279530528933,0.354056369978935,0.312484374735504,1,0
0.872423636261374,0.425917318323627,0.109080445487052,0.812060222495347,1,0
0.0921554297674447,0.689678758848459,0.530496128369123,0.20966686704196,1,1
0.711166229331866,0.0287678770255297,0.306745399488136,0.0324222894851118,1,0
0.762693332275376,0.433630113257095,0.116956367623061,0.772520774742588,1,0
0.720220517832786,0.165909817442298,0.133102002553642,0.709317376371473,0,0
0.961273089749739,0.787562843644992,0.108589998446405,0.572089343564585,1,1
0.148446815321222,0.403167302021757,0.00677185505628586,0.91439241101034,0,0
0.393160443985835,0.911002563079819,0.244522397173569,0.140381921315566,1,0
0.209276287350804,0.516245771665126,0.356494040694088,0.660973977530375,1,0
0.0266917399130762,0.352240891661495,0.617279971949756,0.690937413834035,0,0
0.568303607404232,0.174340853933245,0.696713335346431,0.573180029168725,0,1
0.382879932876676,0.736203411361203,0.29557628929615,0.099555678665638,1,1
0.506268542027101,0.836657994659618,0.64190496946685,0.502052315045148,1,1
0.123029275797307,0.765753503656015,0.883813959779218,0.0400686403736472,1,1
0.547834544908255,0.84358859853819,0.0974971672985703,0.370339832967147,1,1
0.116595417726785,0.535678703570738,0.257129446370527,0.377708039013669,1,1
0.627464687684551,0.878790054703131,0.0160609048325568,0.914381662849337,0,0
0.20527126500383,0.79113086941652,0.142904524458572,0.59691436169669,1,0
0.861184376757592,0.286671945126727,0.467219985788688,0.209803569596261,1,0
0.0414341695141047,0.569031120510772,0.356862609041855,0.463043613592163,0,0
0.641299951588735,0.452877084724605,0.717534001218155,0.989664362045005,1,1
0.272663449170068,0.74113347590901,0.838986387010664,0.282904866151512,1,0
0.90066688740626,0.868830404710025,0.417097128462046,0.584689985029399,1,1
0.300897774286568,0.472126296954229,0.0606608469970524,0.127289118710905,1,1
0.494168773060665,0.196044120471925,0.775483184028417,0.547330626985058,1,1
0.540904324501753,0.413795833243057,0.296635966049507,0.0659301436971873,1,0
0.437878296943381,0.926664824597538,0.083365804515779,0.314773901365697,1,0
0.71503320382908,0.0018921997398138,0.498493426246569,0.541275166673586,1,0
0.156969766831025,0.397365173790604,0.62921931501478,0.730685984482989,1,0
0.00804988131858408,0.884455685503781,0.464612225536257,0.975417860085145,0,0
0.553632830036804,0.326992082642391,0.183441911358386,0.107828641775995,1,0
0.477924036327749,0.666896835202351,0.864889530697837,0.185586448991671,1,0
0.152014288352802,0.294619167689234,0.900001052534208,0.870913843158633,0,1
0.870032571256161,0.346065779449418,0.0308551501948386,0.834739651763812,1,0
0.96142772003077,0.840602907817811,0.921921945875511,0.23526171175763,1,1
0.204703679541126,0.248450354905799,0.720277798362076,0.876946051372215,1,1
0.00561471423134208,0.215645735850558,0.130107708740979,0.860052005155012,1,0
0.984341327100992,0.282702510245144,0.0742997215129435,0.482819379074499,1,0
0.00900156586430967,0.818037731107324,0.537932782433927,0.116597136715427,0,1
0.801414215238765,0.331371207488701,0.217590362066403,0.410892558749765,1,1
0.323347438126802,0.59911995776929,0.654559852788225,0.22587100090459,1,1
0.765606634551659,0.141169970622286,0.595973142422736,0.366596657549962,1,1
0.440159203251824,0.911978180520236,0.744282197905704,0.0439374931156635,1,0
0.473720008740202,0.923022398259491,0.848127085249871,0.506458993768319,1,1
0.0285051120445132,0.603945662267506,0.518246619263664,0.555867753922939,1,0
0.438809276092798,0.284687031293288,0.916024693287909,0.477609761990607,1,0
0.481263468973339,0.186953109689057,0.116590263321996,0.911402877653018,1,1
0.844053151784465,0.834706792142242,0.432454001624137,0.659613207215443,1,0
0.0985206854529679,0.630989891476929,0.461703796172515,0.57452038442716,0,1
0.271266947267577,0.883911779848859,0.0479403247591108,0.216411029687151,0,1
0.382387920981273,0.597701680380851,0.859274138696492,0.850135717075318,1,1
0.145061196060851,0.463329458609223,0.777202046010643,0.222573147853836,1,1
0.565527721075341,0.30480799311772,0.116500694770366,0.232030331622809,1,0
0.981756439898163,0.0598543910309672,0.695785573683679,0.170175428269431,1,0
0.948102136375383,0.787307370919734,0.746909141307697,0.086147221038118,1,1
0.121011761715636,0.805076418211684,0.18832675460726,0.913820214569569,1,0
0.348741968162358,0.138163667637855,0.532456351909786,0.50492951925844,1,0
0.982708128867671,0.784311404684559,0.722025882918388,0.0177565803751349,1,1
0.0757062158081681,0.128612797474489,0.588419107953086,0.791820322163403,0,0
0.808598628733307,0.902373882010579,0.744259402854368,0.403668724000454,1,1
0.700281162280589,0.525754692498595,0.200254099443555,0.323378934757784,1,1
0.193024629261345,0.724720509722829,0.92468813364394,0.151227989932522,1,1
0.688836558256298,0.393175068777055,0.67565654637292,0.305004205554724,1,1
0.202999840024859,0.0281387264840305,0.892367845168337,0.0975602024700493,1,1
0.656805436126888,0.786188139813021,0.93184460233897,0.0552814661059529,1,1
0.381567859556526,0.308109048055485,0.406400746433064,0.868763588601723,0,1
0.504664780572057,0.613963590236381,0.89023197744973,0.566214026417583,0,1
0.464872045209631,0.611165199195966,0.704828235786408,0.152221869444475,1,1
0.628837439231575,0.302454022923484,0.021979870274663,0.74316223920323,1,0
0.0245562642812729,0.282291553448886,0.146360609447584,0.574305239832029,0,0
0.216983388178051,0.833047873573378,0.687043182551861,0.329804748762399,0,0
0.742391809122637,0.794351001037285,0.550415751989931,0.714481667615473,1,1
0.254602246917784,0.463610820006579,0.881460439879447,0.947803862392902,0,1
0.379330749856308,0.926866229157895,0.674448324600235,0.126907392172143,1,1
0.391082123620436,0.447179362410679,0.823420874774456,0.595821210183203,1,0
0.472149731125683,0.19540528813377,0.261820611078292,0.364234982058406,1,1
0.573830424109474,0.726729021640494,0.320950992405415,0.46280481829308,1,0
0.955215550027788,0.456930403597653,0.565190120367333,0.915665331296623,1,1
0.487040487350896,0.266003066673875,0.46929121343419,0.797423416981474,0,0
0.482111434452236,0.861315794521943,0.867719752714038,0.281298721209168,1,1
0.231535853818059,0.385349174961448,0.425737352110445,0.194515150273219,0,0
0.904079936910421,0.442925496259704,0.357448363443837,0.924518188461661,1,0
0.863660868722945,0.719168509123847,0.9433608870022,0.384895004797727,1,1
0.0874518593773246,0.954352249158546,0.143039372982457,0.781589516904205,0,0
0.808180695632473,0.167204663623124,0.0581394443288445,0.106176535598934,0,0
0.901419308502227,0.823088878532872,0.690708502661437,0.226117159007117,1,1
0.966788044665009,0.243538642534986,0.478132748510689,0.605226940009743,1,1
0.330023616785184,0.573981709079817,0.365147270727903,0.755499199964106,1,1
0.765622197650373,0.245797065785155,0.278034759685397,0.926122180651873,1,0
0.0649932657834142,0.945388725725934,0.516327370190993,0.959611140890047,1,1
0.877326718298718,0.317691436968744,0.46164461877197,0.398488552309573,1,0
0.263822606299073,0.663259896449745,0.588583958335221,0.247160893399268,1,1
0.944655564147979,0.715700723929331,0.791908097453415,0.0450740966480225,1,1
0.0542185490485281,0.419462997233495,0.468915337929502,0.326062902808189,1,1
0.0321752317249775,0.322777507361025,0.251780669204891,0.923719101352617,1,1
0.954316355520859,0.174297701334581,0.102880751015618,0.415028338553384,1,0
0.317660942906514,0.693218873580918,0.843155457405373,0.35535003291443,0,1
0.671944957226515,0.770871990825981,0.918021805584431,0.176344939041883,1,0
0.124289910541847,0.0803961686324328,0.354029785841703,0.866432942217216,0,0
0.359837747178972,0.806365547701716,0.510833144187927,0.271577915875241,1,1
0.816110163927078,0.814433328574523,0.661089782603085,0.895404110662639,1,0
0.283006730023772,0.948932262603194,0.0146458130329847,0.0840157431084663,1,1
0.0455584554001689,0.0357108588796109,0.305834731785581,0.685103686293587,0,0
0.668830124195665,0.929333445150405,0.648221081122756,0.714628838468343,1,1
0.0886496880557388,0.238648823695257,0.884129233425483,0.385824846569449,1,1
0.251991821918637,0.281228605192155,0.343109971377999,0.300517859170213,1,1
0.429358086315915,0.944789501838386,0.199957297649235,0.564251119736582,1,0
0.809151004301384,0.242200341774151,0.980543125420809,0.70906530180946,1,1
0.53120446880348,0.338415786623955,0.0968301263637841,0.677234818227589,1,1
0.0450241975486279,0.22969849454239,0.409599578473717,0.552608978236094,1,1
0.775478744646534,0.441988843260333,0.675556069472805,0.0821644745301455,1,0
0.717066453071311,0.361787284258753,0.137579900445417,0.961041370872408,1,0
0.385558275738731,0.80019781505689,0.455233718501404,0.715386973693967,1,0
0.214503608178347,0.0470495675690472,0.195277454331517,0.414812081959099,0,0
0.884286070242524,0.306072508217767,0.631894358899444,0.0977917856071144,1,0
0.123316953191534,0.705883857328445,0.80354214203544,0.681690286844969,0,1
0.00542571279220283,0.575846515828744,0.463399334810674,0.386218720348552,1,1
0.24413608154282,0.50367978378199,0.852191219804808,0.759748895186931,0,1
0.833725841948763,0.941426768433303,0.767998257419094,0.267245279857889,1,1
0.899752859724686,0.237357873469591,0.613399244612083,0.438790175598115,1,1
0.275382786523551,0.0266373858321458,0.304681872949004,0.0779629787430167,1,1
0.113286570645869,0.462938204174861,0.131568536162376,0.314851447241381,1,1
0.160120390355587,0.761166344163939,0.0243706409819424,0.978476624935865,1,1
0.658476789249107,0.254837280372158,0.5897330744192,0.725996835390106,1,0
0.0586776807904243,0.842320422176272,0.273868331220001,0.961018510628492,0,1
0.683518639067188,0.296759406570345,0.709692294476554,0.140809536911547,1,0
0.937817033147439,0.257714207516983,0.78925296314992,0.649442448513582,1,0
0.857547492487356,0.524470202624798,0.257650578627363,0.0892208453733474,1,1
0.282637911848724,0.588463731342927,0.959020988084376,0.379275976680219,0,1
0.783743879990652,0.166517670731992,0.352139144204557,0.972897916100919,1,1
0.608493672451004,0.321552912006155,0.989937927108258,0.925626769894734,1,1
0.746963671408594,0.586531317094341,0.014518205774948,0.9238366256468,0,0
0.743876435793936,0.350897712633014,0.597854310413823,0.0809218171052635,1,0
0.486791673814878,0.59781034453772,0.0870106923393905,0.438135688193142,1,0
0.493271026294678,0.220337399980053,0.548031388549134,0.452370292507112,0,1
0.527871428988874,0.576662456151098,0.307198973372579,0.117846152978018,1,0
0.504058724967763,0.333969176746905,0.0902363108471036,0.811246889643371,1,1
0.297134204301983,0.733269679592922,0.941027025924996,0.69074797234498,1,1
0.817903568269685,0.314533233642578,0.719338204944506,0.254602257860824,1,1
0.582044409587979,0.359397287247702,0.695133955217898,0.816037607612088,1,1
0.424662202363834,0.171604968141764,0.0455124441068619,0.222827512538061,1,0
0.347433375427499,0.595044165384024,0.603316483320668,0.463514568051323,1,1
0.856098021846265,0.505736306775361,0.991991272894666,0.561699824174866,1,0
0.243491186294705,0.433447010116652,0.914214354008436,0.786433982895687,1,1
0.289300177479163,0.640354972798377,0.297853730618954,0.114509085193276,0,0
0.752636570949107,0.572499538306147,0.562224466120824,0.656828995794058,1,1
0.200233263429254,0.863027452258393,0.955123055260628,0.106351672904566,1,1
0.331519571365789,0.328285505995154,0.473703606985509,0.933613718487322,1,1
0.011901173973456,0.528421883936971,0.744934510672465,0.807329829549417,0,0
0.809414020041004,0.676321372622624,0.687011119211093,0.106193267041817,1,0
0.554445780813694,0.598521035630256,0.230793931987137,0.353133491007611,1,1
0.455860439920798,0.11102156736888,0.0175151498988271,0.849442259408534,1,0
0.93905154755339,0.344721016939729,0.528043224010617,0.711057518841699,1,1
0.742358945775777,0.258939354214817,0.736273025162518,0.943292357726023,1,0
0.792590685887262,0.142762234201655,0.41227985965088,0.0106344255618751,1,1
0.0527531988918781,0.0995033718645573,0.576236232416704,0.773267795331776,0,0
0.352524461224675,0.115785117726773,0.772419546265155,0.83301258017309,1,0
0.340712593402714,0.104136407840997,0.539683864219114,0.968975944910198,0,0
0.991484328173101,0.621604467974976,0.406159893376753,0.999045989708975,1,0
0.133450025692582,0.946520683355629,0.964540466899052,0.548645009752363,1,1
0.0711800395511091,0.0117865242063999,0.28413468808867,0.453898994950578,0,0
0.456341265235096,0.487371975556016,0.589835620485246,0.613307522144169,1,1
0.586976152379066,0.0477357567287982,0.784017775207758,0.329210967989638,0,0
0.328604094451293,0.281530307838693,0.228369046933949,0.684962374856696,1,1
0.462011117488146,0.951810082187876,0.202254541451111,0.33811771706678,1,1
0.866033150115982,0.525862718932331,0.614376100711524,0.547403438482434,1,1
0.879322250606492,0.802102335961536,0.619173786602914,0.575708517571911,1,1
0.431583381490782,0.216918080113828,0.0097489352338016,0.638586287852377,0,0
0.110695511801168,0.0387077836785465,0.205698029138148,0.691076433751732,0,1
0.0808035887312144,0.516284179873765,0.860364618478343,0.921787698986009,1,1
0.263546115485951,0.66239461209625,0.945642621256411,0.225077317096293,1,1
0.554404873633757,0.701732801506296,0.793422975577414,0.90583495888859,1,1
0.0581243836786598,0.346719162305817,0.50461747054942,0.505859512835741,1,0
0.31551385903731,0.365397088229656,0.0620007324032485,0.677525054197758,1,1
0.807041681138799,0.371098256437108,0.520567697938532,0.47875424195081,1,0
0.925174151081592,0.102945847203955,0.203764741076156,0.50930359121412,1,0
0.243839454138651,0.0941853662952781,0.214331868803129,0.818550603231415,0,0
0.51753179775551,0.479084014892578,0.136957857059315,0.252395265037194,1,1
0.444850794272497,0.784154061926529,0.52639305149205,0.779387054499239,1,0
0.0861329017207026,0.40778163052164,0.962916095973924,0.494828588562086,0,1
0.211712589254603,0.829141929978505,0.990862325299531,0.318301742430776,0,1
0.0543660405091941,0.55019917874597,0.08362672990188,0.129240853479132,0,0
0.288883303059265,0.655038068303838,0.494421917246655,0.292749525979161,1,0
0.679827371845022,0.695508763659745,0.304176960140467,0.734828408807516,1,0
0.190260879229754,0.642475029220805,0.0370810865424573,0.839259704342112,1,1
0.316093226196244,0.0620351904071867,0.453042639419436,0.763369637075812,0,0
0.698176140664145,0.67895583761856,0.633357231272385,0.71998158772476,1,1
0.920585269108415,0.134225480025634,0.630721630062908,0.340130073484033,1,0
0.0504304391797632,0.760353047167882,0.38020086940378,0.2082215892151,1,0
0.179969908669591,0.301575189922005,0.870403263252228,0.678164460463449,1,1
0.0623318352736533,0.89134868979454,0.989940821425989,0.872736104764044,0,1
0.450910090468824,0.706054220208898,0.748882785439491,0.150985088432208,0,1
0.427942898124456,0.265515211736783,0.101637078216299,0.555273272562772,0,0
0.895955289714038,0.633946167537943,0.167504463111982,0.0699693695642054,1,1
0.80615455028601,0.91924991295673,0.613853724207729,0.300324901938438,1,1
0.144630755996332,0.281500409822911,0.318294495576993,0.704353131819516,1,0
0.770543938968331,0.408074963605031,0.863813956500962,0.967805630760267,1,1
0.370951849035919,0.0224997771438211,0.524817641824484,0.0267733237706125,0,0
0.28869446576573,0.440336640225723,0.489837873494253,0.439833659911528,1,0
0.618552193976939,0.0953688183799386,0.713658929802477,0.99091279390268,1,1
0.270964930066839,0.401246746769175,0.43183964304626,0.383471098029986,1,0
0.879518550587818,0.230704662855715,0.328463593730703,0.152328613214195,1,0
0.205079204635695,0.800286886747926,0.462273507378995,0.155611929250881,0,0
0.0315509734209627,0.546877335058525,0.145870118867606,0.446637900080532,0,0
0.619260015198961,0.430478056427091,0.382750899530947,0.309063632041216,0,1
0.730348584242165,0.598477571737021,0.18418464018032,0.0051482398994267,1,1
0.98195054102689,0.0546803930774331,0.38413451355882,0.316927625099197,1,0
0.451763160061091,0.732902875170112,0.407123083481565,0.133286597207189,1,1
0.769380897050723,0.148729347623885,0.116987087531015,0.51926446869038,0,0
0.836382245877758,0.520858098985627,0.688977722544223,0.43616055091843,1,0
0.623871580464765,0.519355475436896,0.0661729152780026,0.238757010549307,1,0
0.985811746679246,0.923746780026704,0.267866222886369,0.110141981625929,1,1
0.628952711587772,0.435832147253677,0.250736949266866,0.643420446664095,1,0
0.0143005081918091,0.987365350592881,0.635650379350409,0.974993083393201,0,0
0.834941738983616,0.898460721131414,0.222505716839805,0.69796910462901,1,1
0.284247626550496,0.24654498626478,0.111124980263412,0.165997445117682,1,0
0.746700844261795,0.185427364660427,0.809062552405521,0.774982886156067,1,0
0.563185874605551,0.172786883078516,0.602602539584041,0.118864626390859,0,0
0.803798316745088,0.886734077241272,0.82508376124315,0.163355553522706,1,1
0.270469967508689,0.741339636500925,0.763840940315276,0.503737362800166,1,1
0.979161707451567,0.290987551677972,0.0420650870073587,0.363640880677849,1,0
0.368530533043668,0.651537435827777,0.790957754012197,0.329405696829781,1,1
0.73045659204945,0.99125163233839,0.874649359611794,0.0220867155585438,1,1
0.809015386970714,0.638654454145581,0.188426499022171,0.695524403359741,1,1
0.865905204089358,0.270564772421494,0.208765473682433,0.164016669616103,1,1
0.0765839763917029,0.265921046258882,0.139189184643328,0.739972216775641,0,0
0.741647732444108,0.0429806672036648,0.163253615610301,0.442264001118019,1,0
0.282077508512884,0.604183045215905,0.916679820744321,0.486254369374365,1,1
0.851311460137367,0.997818645322695,0.485039682593197,0.228986836737022,1,0
0.409796342719346,0.0132946816738695,0.403418647358194,0.797604026971385,0,1
0.756889881798998,0.434693631017581,0.971845205873251,0.750267119146883,1,1
0.977104577934369,0.838212844682857,0.027339730411768,0.082632873672992,1,0
0.872009474551305,0.686515118461102,0.070874517550692,0.625372676877305,1,1
0.831371963955462,0.233430681517348,0.0322900128085166,0.83696889388375,1,0
0.309504023753107,0.210534901358187,0.528037276118994,0.981967583298683,1,1
0.409406120190397,0.0506060444749892,0.59247475117445,0.661687753628939,1,0
0.430264899507165,0.811370388604701,0.502807424170896,0.457113518612459,1,1
0.0674874861724675,0.266881546936929,0.466468452475965,0.466902422253042,0,0
0.437954763416201,0.782417387003079,0.988348635146394,0.925522900186479,0,1
0.332940927008167,0.541586837731302,0.814189741620794,0.296448688954115,1,1
0.47879629326053,0.856310611357912,0.942453741794452,0.132112710969523,1,1
0.395281633129343,0.944787328131497,0.70674259471707,0.928322604391724,1,1
0.391925835516304,0.0871203211136162,0.0605451907031238,0.350830286275595,0,1
0.600839384132996,0.276161124696955,0.0584930507466197,0.776904106605798,1,0
0.327436189865693,0.391733484808356,0.895833513466641,0.946014351444319,1,1
0.841664585284889,0.609322631731629,0.924438796937466,0.761331246467307,1,1
0.306053248699754,0.0531746565829962,0.77121832058765,0.9775948561728,1,1
0.137056647334248,0.368096577934921,0.306867056293413,0.591918530175462,1,0
0.594210206065327,0.768392853206024,0.18435708899051,0.517642120830715,1,1
0.00489139324054122,0.980344270355999,0.139842739561573,0.559705242747441,1,0
0.223033604677767,0.0790407881140709,0.124440390616655,0.342981767840683,0,0
0.345814449945465,0.785893633961678,0.398775733541697,0.342778095277026,1,1
0.777223514392972,0.0835539910476655,0.194132442353293,0.173622418893501,1,0
0.00962874689139426,0.710850269068033,0.349493540590629,0.541266908403486,0,1
0.831571521703154,0.963887313613668,0.114186683436856,0.653105969307944,1,0
0.158588068326935,0.292958475882187,0.919607572024688,0.157949889078736,0,1
0.231403978541493,0.136673340806738,0.778474092949182,0.400481109274551,1,0
0.723122620722279,0.338203334482387,0.566162082133815,0.710125503595918,1,1
0.996098240371794,0.968928630230948,0.492987029021606,0.108965458581224,1,1
0.940425565000623,0.651824436150491,0.474873643834144,0.120356576982886,1,1
0.192353199236095,0.0814928477630019,0.187141716014594,0.663456291193143,0,0
0.914623061195016,0.643099107779562,0.322350485716015,0.863593839108944,1,1
0.903140299022198,0.0690638241358101,0.0770729277282953,0.753926531178877,1,0
0.548629359342158,0.377626948989928,0.597478616284207,0.00766727793961763,1,1
0.82981606037356,0.862246843753383,0.888748296769336,0.32227603206411,1,1
0.99405056820251,0.821964705595747,0.645805982872844,0.712882393505424,1,1
0.198863070691004,0.626594680827111,0.407607639906928,0.499491440365091,1,1
0.731517143547535,0.924153021769598,0.412571587599814,0.836474171141163,1,1
0.749670609133318,0.444967058720067,0.442150324350223,0.833905114792287,1,1
0.101494543720037,0.826780941337347,0.855204920750111,0.605697630438954,1,1
0.455864876974374,0.745986979454756,0.792942645493895,0.438695883378386,1,1
0.788298692554235,0.808552582282573,0.366521502379328,0.888881860533729,1,1
0.360890775220469,0.744762775022537,0.584155794000253,0.99202435137704,0,0
0.00555970100685954,0.760530993808061,0.918770232005045,0.103686494985595,0,0
0.826730548636988,0.146450395230204,0.0873996780719608,0.711642526322976,1,0
0.855920366710052,0.448815911542624,0.298728202003986,0.752095720265061,1,1
0.516323393909261,0.6865675940644,0.083651464432478,0.121933214832097,1,1
0.311274917563424,0.279152727220207,0.558426932198927,0.247974040685222,1,1
0.900800218107179,0.0672418186441064,0.497204104438424,0.492422080598772,1,1
0.750890064751729,0.959158821962774,0.18634846364148,0.918066597776487,1,0
0.597497907932848,0.916820037411526,0.52244148729369,0.511426521698013,1,0
0.941350853769109,0.677212536334991,0.741339344996959,0.643644844880328,1,1
0.463465512963012,0.0400331269484013,0.30627417890355,0.217463633278385,1,1
0.423088579904288,0.70068611507304,0.0581513757351786,0.234928009333089,1,1
0.779296733206138,0.827508722199127,0.0638666630256921,0.832249893806875,1,1
0.184979029232636,0.0877425868529826,0.633716841693968,0.486323951045051,1,1
0.84195790044032,0.81038160296157,0.00808313372544944,0.936655186349526,1,1
0.319099886110052,0.797317784745246,0.337389157386497,0.101634788326919,1,0
0.792153771966696,0.123840909218416,0.602440648945048,0.579517036210746,1,1
0.523801699047908,0.142420254647732,0.460120887029916,0.809629279188812,1,1
0.435957512585446,0.700497925281525,0.291452186414972,0.386272770119831,1,1
0.484889140352607,0.748269786592573,0.864386601140723,0.783470646711066,1,0
0.398450040724128,0.846964822616428,0.715847714338452,0.0874134206678718,1,0
0.229389739222825,0.954206417314708,0.756091471295804,0.937177636427805,1,1
0.745808514300734,0.861637915251777,0.0170732126571238,0.410893592052162,1,1
0.42786348820664,0.408575341571122,0.628594517009333,0.826738435775042,1,1
0.749764807289466,0.233735822374001,0.197783350711688,0.283930489560589,1,0
0.547595886746421,0.382318463176489,0.968514111824334,0.47510357783176,1,1
0.734518421115354,0.287894301814958,0.330519037786871,0.86821062094532,1,0
0.667684449348599,0.647642046678811,0.76059626438655,0.72588889952749,1,1
0.080381611129269,0.296500696800649,0.656729333801195,0.566884706960991,1,1
0.774603618076071,0.832656601676717,0.772278836695477,0.976778979878873,1,1
0.0319641274400055,0.357534200651571,0.555421399185434,0.761022210353985,1,0
0.147141058463603,0.593045331770554,0.119039020966738,0.628071262734011,0,0
0.109934606822208,0.543859034776688,0.928107665618882,0.591973420465365,1,1
0.629812539322302,0.150245840661228,0.497452739859,0.576489732600749,1,0
0.333488242467865,0.398495990084484,0.271874196594581,0.621719575487077,1,1
0.987953452626243,0.673290015431121,0.47955776238814,0.627805664669722,1,1
0.544483776437119,0.0658914535306394,0.0995820895768702,0.336942658759654,1,0
0.749872072832659,0.373265374917537,0.249814505688846,0.922643304569647,1,1
0.0864486380014569,0.222206984413788,0.728532278677449,0.682386360829696,0,0
0.636217884486541,0.195187260396779,0.863784353015944,0.783939838409424,1,1
0.0991174879018217,0.8374767776113,0.0802616262808442,0.908656947081909,1,1
0.620110653107986,0.0120808372739702,0.74867669865489,0.431747818831354,1,0
0.258160885423422,0.377623117528856,0.509643659228459,0.0985411154106259,0,0
0.70854215696454,0.235493387794122,0.584564968710765,0.644593874923885,1,0
0.673356382874772,0.384595336625353,0.130003314930946,0.565572357038036,1,0
0.679325720993802,0.0400114026851952,0.0696814449038357,0.926301679806784,1,0
0.544833128340542,0.299721612362191,0.0803352468647063,0.895406901370734,1,1
0.111485916888341,0.760031172772869,0.213794139446691,0.744782817550004,1,1
0.0280499749351293,0.822092501213774,0.0541196279227734,0.900152709335089,0,1
0.747011750703678,0.411318401340395,0.425246383296326,0.0869349224958569,1,0
0.264532648958266,0.732253410620615,0.481577914906666,0.22481999010779,0,0
0.720466235885397,0.548713650088757,0.166010714601725,0.271563629619777,1,0
0.39764788467437,0.730178642086685,0.867482383036986,0.450597741641104,1,0
0.308027626480907,0.297940970864147,0.798578132875264,0.643195878248662,1,1
0.928738915128633,0.00219093076884747,0.618095422163606,0.28066256432794,1,0
0.778390913968906,0.356602038722485,0.546324674040079,0.854316479992121,1,1
0.899008459877223,0.727062208577991,0.546598334563896,0.330622611567378,1,1
0.903985835146159,0.387250772910193,0.75930352229625,0.577727462630719,1,1
0.477928592357785,0.688379195751622,0.772519570309669,0.880843556020409,1,1
0.948390800040215,0.461910973768681,0.24478838336654,0.564713890431449,1,0
0.412119557149708,0.148930052528158,0.531700459774584,0.0587723015341908,0,0
0.330944754881784,0.486060681287199,0.146121896337718,0.415550723206252,1,1
0.120448840782046,0.586956962011755,0.231590831652284,0.994052541675046,1,0
0.971772016491741,0.932174834422767,0.808881840668619,0.522167458664626,1,1
0.198624165728688,0.231121360789984,0.123570348368958,0.582453624112532,0,0
0.367315554758534,0.339972169371322,0.076380617916584,0.80327313253656,1,1
0.100305272964761,0.994301279308274,0.215481037041172,0.359000087017193,1,1
0.338770111789927,0.239155365386978,0.370222077239305,0.986184927169234,0,0
0.464625538559631,0.624858004506677,0.674166263313964,0.877554102800786,1,1
0.248747042613104,0.0423103659413755,0.377327084541321,0.318758325884119,1,1
0.32113586156629,0.289147305069491,0.640486523509026,0.799485278781503,1,1
0.138629106106237,0.966963229468092,0.906141238985583,0.255559699144214,1,1
0.404482671525329,0.893773311981931,0.646937891142443,0.64480653218925,0,0
0.927975513506681,0.801405478734523,0.892310784664005,0.794325791997835,1,1
0.458282893523574,0.475189949618652,0.722138660028577,0.39012203947641,1,1
0.00128535297699273,0.819530303124338,0.125328781548887,0.672083974350244,1,0
0.389035841915756,0.380498345242813,0.0586937435436994,0.758707226486877,1,1
0.149259873200208,0.795490237884223,0.558653339976445,0.177589428145438,1,0
0.282294483855367,0.342121667927131,0.410439311992377,0.398471070919186,1,1
0.197962447302416,0.766905473778024,0.621363874757662,0.770934252301231,1,1
0.545139879686758,0.280879674013704,0.647337888833135,0.179535805946216,1,1
0.0393308207858354,0.0345638219732791,0.583230163669214,0.392203128430992,0,0
0.958352074027061,0.306921768700704,0.901597284711897,0.355284739751369,1,1
0.435476598097011,0.0311569627374411,0.183704067254439,0.684016578830779,1,0
0.542471135035157,0.340276761911809,0.723298593657091,0.833380864467472,1,1
0.636582639999688,0.14526512962766,0.0352587476372719,0.549794561229646,1,0
0.366726541891694,0.980974711012095,0.20051432470791,0.227526240516454,1,1
0.825863125501201,0.725508736213669,0.111320732161403,0.912522773258388,1,1
0.218421696219593,0.284382744925097,0.60891407285817,0.536669212393463,0,1
0.16646794276312,0.552826730068773,0.234518733341247,0.564136361237615,0,0
0.990516766207293,0.441455265972763,0.307702926686034,0.671056683873758,1,1
0.114563453942537,0.382395379943773,0.295387362362817,0.00642996234819293,1,1
0.662999582011253,0.00401196489110589,0.970936665078625,0.16124269249849,1,1
0.367293219314888,0.592128665652126,0.220605090726167,0.582820366602391,1,1
0.109236257150769,0.405415863962844,0.740928955376148,0.845354652265087,0,1
0.0249081149231642,0.331149992067367,0.814761062152684,0.995827008038759,0,0
0.0388770117424428,0.813256961293519,0.503644531127065,0.121123437769711,1,0
0.531041922746226,0.758839190471917,0.354661955032498,0.835586715722457,1,1
0.761942528188229,0.990450921934098,0.619482164271176,0.697608206653967,1,1
0.59549029241316,0.59403610508889,0.361121038906276,0.890080868033692,1,1
0.693758253240958,0.211888768943027,0.6011110288091,0.480602941475809,1,0
0.334179431665689,0.111573030240834,0.931798992445692,0.550317333079875,1,1
0.714025947963819,0.614033034769818,0.749074707273394,0.254996729083359,1,0
0.797035098075867,0.677069538505748,0.340317198075354,0.763235980411991,1,0
0.562806466361508,0.605746465967968,0.43574362876825,0.157381952274591,1,0
0.722614995902404,0.313120647799224,0.867184727918357,0.387473531533033,1,0
0.673707299400121,0.282452724175528,0.111615871312097,0.0571127186995,1,0
0.562403373187408,0.290943883592263,0.179061124101281,0.626312801381573,1,0
0.268186365021393,0.900666640140116,0.445815877756104,0.163901516934857,1,1
0.676215872634202,0.284979352727532,0.772537366254255,0.470260960049927,1,1
0.950798944570124,0.132185009773821,0.294872355181724,0.157984503079206,1,1
0.445637511555105,0.651668409351259,0.763426339719445,0.626576551701874,1,1
0.276845997432247,0.051925897365436,0.712540222564712,0.20525668701157,0,0
0.561669601127505,0.709376125596464,0.0745535148307681,0.154598330147564,1,0
0.385522448923439,0.354659741511568,0.0452952517662197,0.725953405490145,1,0
0.755803352221847,0.599187488900498,0.186777595663443,0.855396359693259,1,0
0.61412669532001,0.0476396037265658,0.998211036203429,0.990222456632182,1,0
0.429718262283131,0.49514198070392,0.311132681788877,0.554561182390898,1,1
0.792152303503826,0.486445480491966,0.245103489607573,0.758749369997531,1,1
0.107105569681153,0.713642220711336,0.26206778222695,0.288552243029699,1,1
0.715800995239988,0.642851854441687,0.223008434055373,0.254639575025067,1,0
0.183962858049199,0.97931094118394,0.152096154401079,0.473711210303009,0,0
0.19766571233049,0.337467154953629,0.480231513036415,0.585807094350457,1,1
0.370884922100231,0.18528513261117,0.331016452750191,0.806718004867435,0,0
0.820828688098118,0.919030715478584,0.650157378753647,0.489342543762177,1,1
0.398289213422686,0.770729467272758,0.84389182087034,0.901316045084968,1,1
0.677621220704168,0.701447046129033,0.255871364148334,0.652526023797691,1,0
0.491422442253679,0.971984106348827,0.619338316842914,0.401415487751365,1,1
0.262853657593951,0.540939448168501,0.616355757694691,0.355064850999042,1,1
0.936838768189773,0.0867926918435842,0.742400107439607,0.231698001734912,1,1
0.677802954334766,0.968443920603022,0.709987062262371,0.742432931438088,1,1
0.997781630605459,0.415635067038238,0.00837323372252285,0.844302898040041,1,0
0.404270006110892,0.967872397508472,0.775546521181241,0.702193247852847,1,1
0.997660179855302,0.261414445471019,0.362990444758907,0.0399690214544535,1,0
0.714425805024803,0.987682411679998,0.886313915485516,0.423319212859496,1,1
0.00743961334228516,0.747755639953539,0.517432812834159,0.378502365201712,1,1
0.0363107011653483,0.0336340635549277,0.361773691372946,0.92790216463618,1,1
0.805236940737814,0.674529419979081,0.135894415201619,0.83939094026573,1,0
0.347851083846763,0.445859716506675,0.451653298689052,0.412151813972741,1,0
0.366223072400317,0.520182434236631,0.817349111428484,0.211807947373018,1,1
0.0739717853721231,0.819398351712152,0.0888423328287899,0.355628821067512,1,1
0.975880829850212,0.935903763631359,0.725433617131785,0.482800809433684,1,1
0.222340322099626,0.498090408975258,0.999422933673486,0.326764444122091,1,1
0.327901812270284,0.277407504152507,0.0638504384551197,0.0431305379606783,1,0
0.950157288927585,0.448888732586056,0.196677507134154,0.464326309273019,1,0
0.793648542137817,0.932240396272391,0.0741763394325972,0.533332954859361,1,1
0.882064306875691,0.920794792938977,0.350434944964945,0.538522394141182,1,1
0.149487721035257,0.109925284050405,0.491993626579642,0.438669768394902,0,0
0.960997431073338,0.703695309115574,0.43900207686238,0.0272384861018509,1,1
0.862635866971686,0.237401462392882,0.462009502807632,0.865739130880684,1,0
0.717720702057704,0.370578998234123,0.912797013297677,0.967289015185088,1,1
0.713960159569979,0.359928951133043,0.186976567143574,0.526990575715899,1,0
0.830820219358429,0.649861961835995,0.581834397045895,0.304846801795065,1,0
0.718437734758481,0.369071733905002,0.0642755187582225,0.36517096334137,1,0
0.426391073036939,0.716887285932899,0.502530439756811,0.942460493184626,1,1
0.517673651920632,0.785331220831722,0.194099775049835,0.665190604981035,1,1
0.800922246417031,0.134707941673696,0.037235347321257,0.414681047899649,1,0
0.535673044156283,0.790185356279835,0.61503363144584,0.00315102888271213,1,1
0.0242397878319025,0.0265098006930202,0.88442470273003,0.574351409217343,0,0
0.0685255841817707,0.554378186585382,0.91000365652144,0.186569386860356,0,0
0.969367145793512,0.413697846932337,0.38911457802169,0.726679353509098,1,1
0.537211920367554,0.734928405378014,0.96730490680784,0.311254593078047,1,1
0.526847281493247,0.695621583843604,0.466154516674578,0.753952545579523,1,1
0.717452199431136,0.362400327110663,0.935527510708198,0.584528747247532,1,1
0.286375283729285,0.902520083356649,0.782044106163085,0.491378841223195,1,1
0.938896785723045,0.372291988227516,0.682168136350811,0.879643619060516,1,1
0.44232874084264,0.378685632487759,0.859249050263315,0.276752488920465,0,0
0.777579661458731,0.670473537873477,0.915950598428026,0.0849963878281415,1,1
0.166937410598621,0.320454757893458,0.559646542649716,0.92566447914578,1,0
0.616058295127004,0.387841887772083,0.905443640658632,0.111895072041079,1,1
0.268374851671979,0.0457865244243294,0.867289979243651,0.767914704745635,1,0
0.091360414866358,0.438629435142502,0.558670169441029,0.279854703927413,1,1
0.0602268851362169,0.255970902973786,0.96856975206174,0.667022054549307,1,1
0.296138589968905,0.0491777427960187,0.0798851225990802,0.00933502218686044,1,0
0.0998315897304565,0.77643586951308,0.0938967678230256,0.456469423603266,0,0
0.188426741864532,0.385608934331685,0.941990213934332,0.922022365033627,1,0
0.87561109685339,0.179366508265957,0.0444831985514611,0.521465005585924,1,0
0.354864098364487,0.222660312894732,0.43036682298407,0.494047767948359,1,0
0.0814763454254717,0.325216501252726,0.576290992554277,0.237876186147332,1,1
0.742740098154172,0.983722971053794,0.166571612469852,0.762368419906124,1,1
0.496154316235334,0.515866176923737,0.553923631785437,0.775737385964021,1,1
0.752777337562293,0.579112274572253,0.389710874296725,0.790051044896245,1,1
0.300650318153203,0.0140523037407547,0.422781333094463,0.943615108728409,0,0
0.132242189021781,0.136297829216346,0.26924309367314,0.102596403332427,0,0
0.79924125992693,0.179723106091842,0.802927717799321,0.912320167990401,1,1
0.833486187737435,0.386798811145127,0.986452077282593,0.572343581588939,1,0
0.973215947858989,0.6966538336128,0.366146152373403,0.608399776974693,1,1
0.0654825218953192,0.280976561596617,0.871396667789668,0.674572992604226,0,1
0.309208086458966,0.508082854328677,0.446017424808815,0.752777698682621,0,0
0.167257102672011,0.494492624420673,0.495184982661158,0.799984784331173,1,1
0.868405401706696,0.29701149999164,0.181623794604093,0.23230399703607,1,0
0.124957533786073,0.629240559181198,0.99358982197009,0.996361590456218,1,1
0.30522748385556,0.500318350270391,0.964024618966505,0.28019608091563,1,1
0.49071785598062,0.229817634448409,0.990226984024048,0.0822626342996955,1,1
0.501433978788555,0.977648378582671,0.771255007945001,0.786525097442791,1,1
0.932340116705745,0.851892834063619,0.420987750869244,0.295047426596284,1,1
0.702279889956117,0.688036266714334,0.92307316348888,0.650374073069543,1,1
0.358461525524035,0.0367299942299724,0.991088564042002,0.632331028813496,1,1
0.435182112036273,0.959419478196651,0.619854583404958,0.225314486538991,1,1
0.289204569300637,0.925361908972263,0.417021293658763,0.0718143114354461,1,1
0.913639286067337,0.241496152477339,0.830072472337633,0.613631523214281,1,1
0.881705728592351,0.318488865392283,0.767106721643358,0.91423817910254,1,1
0.843866688199341,0.58993694675155,0.157198916189373,0.37121889507398,1,1
0.808040364878252,0.899347631027922,0.187488236697391,0.970577302388847,1,1
0.845007036579773,0.174456908600405,0.42523527611047,0.436721385456622,1,0
0.399219466373324,0.712804396869615,0.211878892965615,0.868325125891715,1,1
0.105073882965371,0.914387897588313,0.13600378180854,0.767801493406296,0,1
0.72568830079399,0.836720387451351,0.279686413472518,0.550265089608729,1,1
0.844611220760271,0.303209349745885,0.0947003804612905,0.884627089602873,1,1
0.107163808308542,0.769192659761757,0.955757934367284,0.442596122389659,0,1
0.332529140636325,0.390324660344049,0.177796264644712,0.693710806313902,1,0
0.189217469887808,0.603797968942672,0.410770851653069,0.46528298757039,1,0
0.402923060348257,0.249889126978815,0.278361160773784,0.277601515641436,1,0
0.856533010024577,0.395130710443482,0.341587977018207,0.282775583676994,1,1
0.739251225022599,0.594056383008137,0.372372862882912,0.613793229917064,1,1
0.736213715746999,0.847822530427948,0.730073276907206,0.506395723903552,1,1
0.851532791275531,0.55608826992102,0.574129332788289,0.746399951167405,1,1
0.697553415084258,0.67901175073348,0.164624950382859,0.326991155743599,1,1
0.101530124666169,0.366424544481561,0.856681525008753,0.253001188626513,0,1
0.41049933177419,0.720199713716283,0.992104868637398,0.81979297939688,1,1
0.756963538238779,0.815564119722694,0.293898098636419,0.732887336285785,1,1
0.298181181773543,0.982755522243679,0.675004126038402,0.808530424721539,1,1
0.79537536832504,0.457692002644762,0.360501253744587,0.994298023870215,1,0
0.0564248149748892,0.382501566782594,0.98830859689042,0.423351052915677,1,1
0.376793107716367,0.138171488186345,0.923981199972332,0.355308386264369,1,1
0.482453119009733,0.535662312759086,0.652966069290414,0.180239978479221,1,1
0.471285557607189,0.266717001562938,0.720549168530852,0.0256161298602819,1,1
0.832938097883016,0.574628056958318,0.479739369358867,0.580537038622424,1,0
0.135955547215417,0.552229751134291,0.985063953092322,0.915431149303913,1,1
0.866253918269649,0.53238830040209,0.446880378993228,0.358502880204469,1,0
0.588016823865473,0.284374009817839,0.337932494701818,0.30140192178078,1,0
0.0334877178538591,0.75473988824524,0.327600253978744,0.490148503566161,0,0
0.00544670503586531,0.566137835616246,0.987950529437512,0.102819281397387,0,1
0.569291055202484,0.270666838390753,0.53896449576132,0.841166649013758,1,0
0.325954440282658,0.444483780534938,0.0874720860738307,0.410062899813056,1,0
0.385650202166289,0.500767147168517,0.701282670954242,0.557457999326289,0,1
0.273633296834305,0.156625231029466,0.653979992959648,0.399985651252791,0,1
0.805682145757601,0.782567842630669,0.805985057260841,0.342016364913434,1,1
0.927706266520545,0.167493026005104,0.852582260267809,0.507289948407561,1,0
0.197462007869035,0.455766537459567,0.990051248809323,0.735057455254719,1,1
0.446163536282256,0.145438260398805,0.265552504453808,0.356615249998868,1,0
0.58052158378996,0.94720919476822,0.083037547999993,0.351388667011634,1,1
0.918684250907972,0.693080918164924,0.202458101790398,0.428276779828593,1,1
0.175278107170016,0.699632995994762,0.182946636574343,0.160884954966605,0,0
0.15848173154518,0.157259356463328,0.840191997587681,0.582694946555421,1,1
0.368813968496397,0.718152101151645,0.498689007712528,0.0216365624219179,1,1
0.833518999395892,0.774806231725961,0.520548324333504,0.283370352350175,1,1
0.533514953916892,0.273886796785519,0.692777632037178,0.21687346091494,1,0
0.518953210674226,0.911832344718277,0.137991563417017,0.361499243648723,1,0
0.880135501734912,0.275085635948926,0.599146811291575,0.824579683830962,1,1
0.821153889410198,0.739393678493798,0.0519375482108444,0.0564058059826493,1,0
0.179685889743268,0.194269251776859,0.960235549602658,0.0128059759736061,1,1
0.56588719994761,0.832863626303151,0.708846678724512,0.883213863009587,1,1
0.224110191687942,0.207095195539296,0.653977948240936,0.719748117728159,1,0
0.539166724774987,0.942874189931899,0.424850394716486,0.761347028426826,1,1
0.753638772526756,0.387308232253417,0.757912661414593,0.0108415915165097,1,1
0.408619575202465,0.260824389988557,0.790860441979021,0.914090648293495,1,1
0.737809890881181,0.730705636087805,0.195197844179347,0.00444180145859718,1,1
0.120918075321242,0.31915475288406,0.946839296026155,0.729087526677176,1,1
0.733459277777001,0.825427102157846,0.64938786951825,0.910550349857658,1,1
0.679954466177151,0.312095546396449,0.201434653252363,0.948040587361902,1,1
0.325685393996537,0.951696217060089,0.800308200530708,0.528306459775195,1,1
0.123535792576149,0.512281448813155,0.399979658192024,0.773188114631921,0,0
0.914819729980081,0.98138515651226,0.658507524058223,0.142819459550083,1,1
0.744542660657316,0.824121301295236,0.1298426783178,0.892245108261704,1,1
0.314117145026103,0.462637240067124,0.170178204542026,0.188577668275684,1,0
0.232963906833902,0.522180596832186,0.80581979220733,0.941912597045302,1,1
0.263921757927164,0.087574650067836,0.0424426707904786,0.894972270121798,0,0
0.897437181789428,0.650331811280921,0.978070084005594,0.114524701843038,1,1
0.869638963369653,0.951746013714001,0.0140089935157448,0.864338643383235,1,0
0.251435665180907,0.475378316128626,0.354618602432311,0.457448082976043,1,1
0.0816204568836838,0.246952497633174,0.346840158104897,0.892481728456914,0,0
0.846141347661614,0.0841740253381431,0.980334149906412,0.953218212816864,1,1
0.810558731202036,0.0320794801227748,0.916226431727409,0.465677670203149,1,1
0.836039263056591,0.220286604948342,0.69875985244289,0.753430624725297,1,0
0.0655035658273846,0.419443175662309,0.789608319755644,0.961326083168387,1,1
0.0621985495090485,0.0462603578343987,0.63716900581494,0.865651632193476,0,0
0.952116718515754,0.328447044594213,0.0812811865471303,0.0664798994548619,1,0
0.00726361363194883,0.853660334600136,0.425315367756411,0.165263042552397,0,0
0.98343294695951,0.129060971317813,0.322326366091147,0.0182376243174076,1,0
0.365396537352353,0.125302780186757,0.128567761741579,0.496807119110599,1,0
0.250457755755633,0.19635621807538,0.0277887783013284,0.16897532530129,0,0
0.138499648310244,0.206537110498175,0.509292075177655,0.661841094493866,0,1
0.743198620388284,0.28147817007266,0.353154751472175,0.316893303301185,1,0
0.636338719399646,0.855091037694365,0.645739463157952,0.448745853034779,0,1
0.579567609587684,0.893558863317594,0.187546447617933,0.173418401507661,1,1
0.973229449708015,0.360614656005055,0.980482159648091,0.207232158631086,1,1
0.662812358699739,0.501755251549184,0.772916613379493,0.153890868881717,1,1
0.427472511772066,0.46758185653016,0.989565185969695,0.54307647049427,1,0
0.324321636930108,0.759395237080753,0.153941138880327,0.387892079539597,0,1
0.352065891027451,0.329910228261724,0.0108179114758968,0.249241374665871,1,0
0.914088287623599,0.152562086237594,0.101513902656734,0.430913615040481,1,0
0.965319385286421,0.119033352239057,0.946923826588318,0.480412894161418,1,1
0.548873405437917,0.307966002961621,0.724767497042194,0.668092463631183,1,0
0.83843114762567,0.307562242029235,0.385350353084505,0.0138414481189102,1,0
0.703852665610611,0.785943553783,0.374976795632392,0.829099445138127,1,1
0.768549657892436,0.703291260404512,0.62866793316789,0.977449922123924,0,1
0.898186102043837,0.0321950896177441,0.772123757284135,0.315475585171953,1,1
0.227897650329396,0.722690475871786,0.0678249592892826,0.853165618376806,1,1
0.240484218578786,0.500878801802173,0.746331403497607,0.106482432922348,1,0
0.229331032838672,0.469330578576773,0.849203682970256,0.0472077603917569,1,1
0.460203001042828,0.53875282057561,0.394367651315406,0.233549340860918,1,0
0.0819971016608179,0.836614107480273,0.737341810483485,0.0638049603439867,1,1
0.961938180727884,0.297080405056477,0.975214377744123,0.268951372709125,1,1
0.967050499282777,0.232281673466787,0.720638113329187,0.185516193509102,1,1
0.458433404099196,0.213889110833406,0.983284323709086,0.140481419162825,1,1
0.548951501725242,0.255723883863539,0.566414773464203,0.298614855390042,1,0
0.277410695096478,0.435434141196311,0.406121006468311,0.613902791403234,0,1
0.599678615340963,0.539085781434551,0.677880067843944,0.967060084920377,1,1
0.351227178238332,0.795950242318213,0.879517240915447,0.121662280289456,1,1
0.56534980610013,0.500329160597175,0.436140694655478,0.709855211898685,1,0
0.905489959288388,0.858605572255328,0.129327657399699,0.66659019398503,1,1
0.43702348228544,0.143930955557153,0.815089862560853,0.0439909878186882,1,1
0.887705391040072,0.71344145713374,0.706631114473566,0.95147153781727,1,1
0.564821050735191,0.765020412625745,0.307342466898263,0.538523501716554,1,1
0.827033125096932,0.987563539529219,0.911949854111299,0.707923022098839,1,1
0.563696417491883,0.0702464738860726,0.0667842663824558,0.58103572926484,0,0
0.646216232096776,0.98505641403608,0.347541075898334,0.999784829793498,1,1
0.171135974582285,0.331158428220078,0.39270311105065,0.0239865155890584,1,1
0.840868995990604,0.92441031918861,0.680012224009261,0.115531536983326,1,1
0.846702720737085,0.100593599257991,0.587059224722907,0.671461445046589,1,0
0.720462686382234,0.892381278332323,0.853555803652853,0.0621467942837626,1,1
0.444332781014964,0.133390972856432,0.322955359704792,0.813299907837063,1,1
0.0206802652683109,0.813891879050061,0.0871510379947722,0.993964716093615,1,0
0.590748236747459,0.0126084357034415,0.326665666187182,0.920775060076267,1,0
0.404438030673191,0.262565786018968,0.345850633224472,0.275535090593621,1,1
0.58252903050743,0.642716189613566,0.00339926779270172,0.895800500875339,1,0
0.35837041400373,0.591398901771754,0.499554085545242,0.254737831419334,0,1
0.970895513193682,0.825224545085803,0.497342618415132,0.113372887950391,1,1
0.442602231167257,0.331043301615864,0.376457753125578,0.0683707520365715,1,0
0.68018698040396,0.638872658601031,0.514165499946102,0.575727896764874,1,1
0.898327063303441,0.0913775716908276,0.0659069854300469,0.0451206769794226,1,0
0.511569363530725,0.41336348769255,0.627772263018414,0.132371010025963,1,0
0.417529322206974,0.73496462078765,0.504494804190472,0.949896359350532,1,1
0.0757820000872016,0.824143553618342,0.250120771816,0.345577584579587,0,0
0.822756396839395,0.703443170757964,0.930030743358657,0.881867518648505,1,1
0.92859362415038,0.794136530719697,0.31949145719409,0.627927845809609,1,1
0.230961469002068,0.0273517151363194,0.352602640865371,0.120832772692665,1,0
0.397373183164746,0.209073742153123,0.591715505346656,0.49709281232208,1,1
0.806947460630909,0.886015011463314,0.153676997171715,0.241460538003594,1,0
0.35240062023513,0.979512726888061,0.400544391479343,0.953343576751649,1,1
0.390928793000057,0.935336338588968,0.114062946056947,0.835059660952538,1,1
0.436186074977741,0.791488105431199,0.32478541159071,0.968164996942505,1,1
0.896879920037463,0.789720076601952,0.573626523138955,0.231630204012617,1,1
0.119362060911953,0.645709941862151,0.138066995888948,0.273520056158304,1,1
0.854431465268135,0.667299278546125,0.916864895727485,0.376496402546763,1,0
0.612459024647251,0.462240657769144,0.739907913841307,0.294868220109493,1,0
0.279063656693324,0.205942396074533,0.0461035135667771,0.672827244037762,1,1
0.242551281582564,0.508191701956093,0.275768317049369,0.348633727291599,0,1
0.232857428956777,0.0609152070246637,0.455695908050984,0.63418898335658,1,0
0.444190273759887,0.908778864657506,0.283679666696116,0.872293431544676,1,1
0.427235969109461,0.713343838229775,0.0824130438268185,0.533114633522928,1,0
0.504760825075209,0.70546914008446,0.724126558285207,0.0783471036702394,0,0
0.270205390406772,0.686374500626698,0.252600170439109,0.595365627901629,1,1
0.490112190367654,0.328909223200753,0.246320901671425,0.0857828925363719,1,0
0.799650561995804,0.75800414592959,0.101067611481994,0.316023074788973,1,1
0.0273564606904984,0.973575740586966,0.218982124701142,0.184732025954872,0,1
0.52155197924003,0.747075762366876,0.202504161512479,0.809429637389258,1,0
0.684057289967313,0.355812420370057,0.690686129732057,0.0130726301576942,1,0
0.0543118321802467,0.30377776408568,0.154069698648527,0.24561467487365,1,0
0.319885025732219,0.669505205703899,0.47978406609036,0.856703322380781,1,0
0.0527718223165721,0.55029804399237,0.891733701806515,0.526368750957772,1,0
0.334242416080087,0.250226121162996,0.441352974390611,0.716844804352149,1,0
0.547224106499925,0.684731286251917,0.866337903309613,0.60409970767796,0,1
0.820049754343927,0.742386821657419,0.84493588260375,0.542046800954267,1,1
0.352173670427874,0.393159883795306,0.696776289492846,0.556587728438899,1,1
0.199603548971936,0.629605278838426,0.822702701436356,0.0497301362920552,1,1
0.3794976612553,0.452195835532621,0.116455404087901,0.519391949521378,1,0
0.996927825035527,0.496138382935897,0.160950544988737,0.575960726244375,1,1
0.62945988913998,0.698214996606112,0.864202284021303,0.336731753312051,1,1
0.646729009924456,0.560838165692985,0.259008571039885,0.338163640582934,1,0
0.775594850303605,0.997763810912147,0.184066227870062,0.920733964536339,1,1
0.963547801366076,0.218821457587183,0.265170903177932,0.648248656187207,1,1
0.215919666457921,0.216799260815606,0.37368171592243,0.686781847616658,1,0
0.497227672487497,0.506827825214714,0.634113600710407,0.515090630855411,1,1
0.180152740795165,0.959376222919673,0.548568397760391,0.0168835828080773,0,0
0.937975445995107,0.0920874765142798,0.475495647173375,0.387339975684881,1,0
0.280773909995332,0.668101802933961,0.00608654413372278,0.670999238966033,1,0
0.159541546599939,0.288769534323364,0.229000887367874,0.577291388763115,1,1
0.0138203543610871,0.10419706418179,0.294179735705256,0.593877378385514,0,1
0.787559529300779,0.08987992326729,0.658127831993625,0.740609183674678,1,1
0.142327863257378,0.794663545209914,0.644648940069601,0.898733427515253,0,1
0.821167313726619,0.40080866869539,0.223698121961206,0.235330679221079,1,0
0.440205555874854,0.671452269423753,0.786593677708879,0.320551112527028,1,1
0.949375508818775,0.241186060477048,0.769757998175919,0.719012202462181,1,1
0.622922733193263,0.121733963023871,0.437756068538874,0.528229244519025,1,1
0.154368411051109,0.637868159683421,0.0988040324300528,0.569373222067952,0,1
0.0868351885583252,0.323146124137565,0.00998293957673013,0.365541484905407,0,1
0.971661708550528,0.405693241395056,0.756991986650974,0.53433232777752,1,1
0.521076012635604,0.604332448448986,0.110304288333282,0.94218994025141,1,1
0.271442645927891,0.518791116774082,0.879763748729602,0.148226107703522,1,1
0.256055905949324,0.257579700555652,0.151823217049241,0.39043322391808,1,0
0.227958716917783,0.521977152209729,0.378088695462793,0.807874479331076,1,1
0.87670337385498,0.0116605898365378,0.949627969413996,0.111355546861887,1,0
0.0475527152884752,0.914169232361019,0.973978938069195,0.226357314037159,1,1
0.548782486468554,0.832417222671211,0.597522313473746,0.233044416643679,1,0
0.378693374805152,0.879203141201288,0.18770929868333,0.935673242900521,1,1
0.490534807322547,0.918074795743451,0.236782060936093,0.450041660340503,1,1
0.388697480084375,0.676253584213555,0.109905830817297,0.0234408252872527,1,1
0.392543655820191,0.87319341301918,0.99707665713504,0.709901235997677,1,1
0.512117048958316,0.908736822195351,0.182547006988898,0.664976216387004,1,1
0.42989576747641,0.184266910189763,0.922646763036028,0.343402572209015,1,1
0.873096161987633,0.289881060831249,0.631416036048904,0.630484807770699,1,0
0.52830152399838,0.166488287504762,0.0329773677513003,0.900656903162599,0,0
0.24485568376258,0.17432683124207,0.699051915900782,0.462266391841695,1,0
0.906476405914873,0.668192013865337,0.0987739777192473,0.390963217243552,1,1
0.657453803345561,0.890130594139919,0.906727214809507,0.243167764041573,1,1
0.157120953779668,0.615420854650438,0.058349325787276,0.609674252802506,1,1
0.912419215077534,0.148366669658571,0.342828813707456,0.380002703284845,0,0
0.870457737939432,0.974460970843211,0.85117145627737,0.585764930816367,1,1
0.863381713395938,0.532542263856158,0.907693719258532,0.224481691140682,1,1
0.833920700475574,0.976760983932763,0.0221151420846581,0.379628621740267,1,0
0.681017626542598,0.240089631639421,0.401065948186442,0.260678210761398,1,0
0.534365073079243,0.989418716402724,0.117602603742853,0.9681316181086,1,1
0.407993831671774,0.158414512639865,0.363198913866654,0.0676877449732274,1,1
0.639137487160042,0.746235429076478,0.668364995857701,0.301444657612592,1,1
0.484749210765585,0.956183053320274,0.456648479681462,0.932767075253651,1,1
0.566377195995301,0.157475922023878,0.0632455560844392,0.423010576050729,1,0
0.384878390701488,0.0714584796223789,0.0682195143308491,0.411188662517816,0,0
0.182414833456278,0.13802632689476,0.373406077967957,0.329684505239129,0,0
0.0409066337160766,0.830909156939015,0.529625779483467,0.647929411148652,1,0
0.312420033384115,0.185045519145206,0.701448984676972,0.864706111839041,0,0
0.860895507736132,0.045502912485972,0.332353946985677,0.98457021987997,1,0
0.470866525080055,0.929379975423217,0.520920124137774,0.834067103452981,1,1
0.191593266790733,0.66293355403468,0.416347319958732,0.544830380938947,1,1
0.709993156138808,0.505562365287915,0.209726429311559,0.325538855744526,0,0
0.9679282119032,0.961816953960806,0.506662388797849,0.801519272848964,1,1
0.703934725839645,0.627583587775007,0.738791802898049,0.0883439038880169,1,0
0.513746032025665,0.00644853035919368,0.99160680314526,0.958045598352328,1,1
0.627776516368613,0.128249250119552,0.800639844732359,0.826197207905352,1,1
0.0254063941538334,0.892074478790164,0.571570565458387,0.249850830063224,1,0
0.787034287117422,0.798309458419681,0.134055160684511,0.0527189522981644,1,0
0.167094788048416,0.770532349823043,0.969383462099358,0.366573714883998,0,0
0.933486085152254,0.207251145737246,0.200508098350838,0.186808129539713,1,1
0.310491346521303,0.800623235991225,0.695601885206997,0.545088352868333,1,1
0.194696009391919,0.124358842847869,0.310180305503309,0.268541144905612,1,0
0.0894592029508203,0.569510045228526,0.666871772613376,0.823445133632049,1,1
0.184054729761556,0.910564118996263,0.988121627829969,0.869483625749126,1,1
0.483372697606683,0.848833373747766,0.272061041090637,0.556187463458627,1,0
0.286043908679858,0.0569995867554098,0.0712565176654607,0.769319752929732,0,1
0.450360822258517,0.50917084258981,0.746193408733234,0.986898510018364,0,1
0.14963979111053,0.1156675608363,0.328677943674847,0.354390978114679,1,1
0.0177055988460779,0.678218255285174,0.0772371494676918,0.114773374050856,0,0
0.124522186582908,0.649431779049337,0.340840456774458,0.26157758012414,1,1
0.813095727702603,0.854030627990142,0.00165168661624193,0.603494717972353,1,1
0.537696923129261,0.399989975383505,0.0503963991068304,0.482335660373792,1,0
0.888072488363832,0.137540295254439,0.264989759540185,0.862208022037521,1,0
0.782741166651249,0.588738036341965,0.628834855975583,0.665076875360683,1,1
0.229705925798044,0.522952595725656,0.162040610332042,0.800836361711845,1,1
0.146382275503129,0.0418682009913027,0.814862211700529,0.0523928366601467,0,0
0.142623394262046,0.313001342583448,0.0854608209338039,0.517205391777679,1,1
0.528532030060887,0.378663535229862,0.557975001400337,0.498847939772531,1,1
0.616840178146958,0.512874964857474,0.920005969703197,0.279270382830873,1,1
0.164701210567728,0.260614201892167,0.109166133916005,0.762805524282157,1,0
0.392593551427126,0.737892192555591,0.676084742881358,0.190119514474645,1,1
0.788748275721446,0.356128992512822,0.952735662460327,0.115097647067159,1,0
0.656159569276497,0.879819625755772,0.68906617583707,0.388176798122004,1,1
0.433432223973796,0.394439475843683,0.163440789096057,0.819774918956682,1,0
0.00204584444873035,0.921860539121553,0.171451789792627,0.132033158326522,0,0
0.390289686154574,0.94413390266709,0.949510289588943,0.695549211697653,1,1
0.669276929227635,0.711590372724459,0.756236241199076,0.712250137235969,0,1
0.163658231962472,0.775795232504606,0.43758251494728,0.895624505123124,1,1
0.88218158390373,0.118950197240338,0.186660766135901,0.452170015545562,1,0
0.290495073888451,0.314397401176393,0.234336545690894,0.950508767506108,1,1
0.424701207783073,0.829655058216304,0.735399324679747,0.0385541801806539,1,1
0.655388292856514,0.910734719829634,0.294374186778441,0.390773976687342,1,1
0.915117492433637,0.924474599538371,0.654752053320408,0.877979263663292,1,1
0.37680294085294,0.0556709689553827,0.707690703915432,0.755727140931413,1,0
0.884814419550821,0.946941724512726,0.673665388487279,0.979574006516486,1,1
0.85145309753716,0.862067493842915,0.337953318608925,0.298714627511799,1,1
0.506113049341366,0.701127113075927,0.724628986557946,0.811861119698733,1,0
0.730949904071167,0.862076776102185,0.0340567049570382,0.99160231067799,1,0
0.724217717768624,0.232242094352841,0.52168820402585,0.764482379658148,1,1
0.167961659375578,0.74089565500617,0.714276091195643,0.431166125461459,1,0
0.10214239382185,0.163314203731716,0.515326489694417,0.914655141532421,1,1
0.235727879218757,0.42176821664907,0.761243459070101,0.917750055436045,1,1
0.607084354385734,0.892685037571937,0.144970217486843,0.87046957318671,1,0
0.935416134307161,0.120880369795486,0.774103989358991,0.370589170604944,1,0
0.176416052738205,0.684514800552279,0.526028284570202,0.937698920024559,1,0
0.42033716943115,0.279271908802912,0.252860396867618,0.201134744100273,1,0
0.730775876203552,0.0614097455982119,0.995867332676426,0.871607401408255,1,1
0.441935198381543,0.628302606521174,0.589175150031224,0.373568796319887,1,0
0.033863851800561,0.390935350675136,0.108027767390013,0.958196419524029,0,0
0.630265552317724,0.72309022792615,0.503669829340652,0.453976971330121,1,1
0.154966318747029,0.101956415222958,0.0886462556663901,0.0871965743135661,0,0
0.666495306184515,0.119584898930043,0.00335112027823925,0.449536292115226,1,0
0.824095810763538,0.843172867549583,0.471858988050371,0.42768696625717,1,1
0.455865097930655,0.232526633888483,0.30974655947648,0.946127505041659,1,1
0.348251758608967,0.772854331415147,0.182555889943615,0.418230291688815,0,0
0.289669126970693,0.51943531143479,0.979774180334061,0.948377739172429,1,1
0.791926670819521,0.837107429513708,0.120272046653554,0.620523197110742,1,0
0.0358463111333549,0.916256545577198,0.287810697453097,0.687028021784499,0,0
0.315239575691521,0.992874446557835,0.933619450544938,0.607885982608423,1,0
0.136786412913352,0.595320753287524,0.192757420474663,0.973815327510238,1,1
0.881862570531666,0.902923053130507,0.446058671921492,0.762499663978815,1,1
0.895842865342274,0.332082479726523,0.565693217562512,0.753361684270203,1,1
0.921278273919597,0.977936396375299,0.0679602061863989,0.362762960838154,1,1
0.155181613750756,0.249758066609502,0.680819165660068,0.929225365398452,0,0
0.030485401628539,0.329936299938709,0.021172798704356,0.669187745545059,0,0
0.9430338118691,0.980045510223135,0.994417048525065,0.257022754056379,1,1
0.942004518816248,0.642731024883687,0.740496368147433,0.833180909510702,1,0
0.751312940847129,0.933227429632097,0.682569911004975,0.338688204064965,1,1
0.46902919234708,0.0762802283279598,0.511293460149318,0.488925550365821,1,0
0.293033505789936,0.216010160278529,0.631338451523334,0.121667254483327,0,0
0.424315015086904,0.451848704367876,0.615400124806911,0.189994825981557,1,1
0.725801301887259,0.20691214245744,0.32282896572724,0.35762337828055,1,1
0.633741668891162,0.48965584882535,0.450266826432198,0.925155122298747,1,0
0.980126570910215,0.74073750525713,0.225092125590891,0.787931079277769,1,1
0.0653358369600028,0.511878380551934,0.539969711331651,0.608805638272315,0,0
0.650818652007729,0.144098900957033,0.924430147046223,0.62170936493203,1,1
0.409105065977201,0.792726860148832,0.303917203331366,0.966732580913231,1,0
0.309913706965744,0.493430766975507,0.116410437505692,0.463298422982916,0,0
0.0405753161758184,0.828276684507728,0.221504732733592,0.334939348977059,0,0
0.685054301517084,0.475796810816973,0.239856063621119,0.425999861909077,1,1
0.982702238019556,0.821762016043067,0.390428863232955,0.0680586029775441,1,1
0.583531215786934,0.355088549666107,0.0417253971099854,0.213688761228696,1,0
0.833441308932379,0.679452548734844,0.147489365190268,0.309056680649519,1,1
0.583665317622945,0.726137085817754,0.692178872181103,0.272161308443174,1,1
0.48791997670196,0.545979165937752,0.739928392926231,0.358773500425741,1,0
0.64631326822564,0.938651984324679,0.214011357398704,0.788034449331462,1,1
0.194958837935701,0.050999182742089,0.637998456833884,0.375234560575336,0,1
0.425195338670164,0.251170713920146,0.350077841896564,0.275456854375079,0,1
0.584157722070813,0.204163417220116,0.591909294016659,0.304335464024916,1,1
0.279847021913156,0.752296790247783,0.836364195914939,0.714693446177989,1,0
0.867086706217378,0.231118976371363,0.0577738122083247,0.344630734762177,1,0
0.896940661361441,0.80768163013272,0.322900964180008,0.412085855845362,1,0
0.813856022199616,0.664813474286348,0.26026423368603,0.937354788416997,1,0
0.806497032288462,0.966160088544711,0.254696495365351,0.579825076740235,1,1
0.716720964061096,0.293288622749969,0.842222912469879,0.975781820481643,1,1
0.486626972910017,0.909765555290505,0.650750467786565,0.0311284796334803,1,1
0.424000948434696,0.72040459769778,0.347325811628252,0.0545656878966838,1,1
0.538971074391156,0.538629472721368,0.227337629999965,0.305760779185221,1,1
0.213840146549046,0.683838847326115,0.763795990031213,0.424558638362214,0,1
0.328421814832836,0.746882925741374,0.921656699851155,0.152708675013855,1,1
0.0617568513844162,0.116350002819672,0.186943821841851,0.523421882418916,1,0
0.627115894807503,0.129598123487085,0.842451871838421,0.835814075311646,1,0
0.545950533822179,0.348961358889937,0.586126659065485,0.379406696883962,1,0
0.366235205205157,0.466885382076725,0.941018175333738,0.685964149422944,1,0
0.878109954763204,0.782659183256328,0.61445125634782,0.374403792666271,1,1
0.818558884086087,0.169570275582373,0.656798655400053,0.996316283475608,1,1
0.268961263587698,0.235859137959778,0.794472793815657,0.0193400646094233,1,1
0.287520805140957,0.942379387328401,0.706283716019243,0.545839010505006,1,0
0.689387353835627,0.326026334194466,0.594599569449201,0.405869465088472,0,0
0.200731829972938,0.176053063478321,0.0615241350606084,0.249789632856846,0,0
0.148819030728191,0.784391428809613,0.626472057541832,0.967691596597433,0,1
0.46590216900222,0.445253503276035,0.618584541603923,0.429304031888023,1,1
0.987131172092631,0.290583518333733,0.650020943023264,0.960297034820542,1,1
0.619918157812208,0.52415574179031,0.4082025680691,0.786062358645722,0,0
0.906626788666472,0.673238265095279,0.804214638657868,0.59057105705142,1,1
0.0251425649039447,0.647292145993561,0.0877511724829674,0.7464482805226,1,1
0.762478616088629,0.0985802346840501,0.117813307326287,0.502020256826654,1,1
0.036977507174015,0.669105131877586,0.188071114011109,0.919039611471817,1,1
0.943918275879696,0.883781101554632,0.463440884603187,0.215219662990421,1,1
0.661986504681408,0.0171643076464534,0.679361935704947,0.460671252105385,1,0
0.739283627364784,0.409716300666332,0.334861699258909,0.49977427138947,1,0
0.522712943842635,0.82440005405806,0.906095509417355,0.0265156847890466,1,1
0.390349922701716,0.366546731442213,0.906280489172786,0.796427848283201,1,1
0.604141622781754,0.0263143046759069,0.555195769062266,0.861047235084698,1,1
0.423511965200305,0.895813081646338,0.684561861911789,0.445285799447447,1,1
0.00712362467311323,0.0522731153760105,0.713315248256549,0.381450880551711,0,0
0.0297950205858797,0.535242302808911,0.909929749555886,0.946970129618421,0,1
0.887789883418009,0.683524149237201,0.742232370423153,0.113728048512712,1,1
0.449106191052124,0.387014844221994,0.403042093617842,0.126557744806632,1,1
0.165944526204839,0.968221383634955,0.64641814888455,0.0932088915724307,0,0
0.529268042184412,0.131551023572683,0.0260527778882533,0.900876724626869,1,0
0.847647946095094,0.20882926392369,0.37308691535145,0.46776493662037,1,0
0.888071794295684,0.796894599450752,0.314205691684037,0.629991937195882,1,1
0.806537615368143,0.814028495689854,0.623326657805592,0.263091096188873,1,1
0.603423616383225,0.0650880536995828,0.709426565328613,0.577371284365654,1,1
0.963118864689022,0.556228795321658,0.909000575309619,0.884825517889112,1,1
0.536776108201593,0.641630634432659,0.817371602403,0.569925833260641,0,1
0.241992901079357,0.421345949405804,0.58678396535106,0.946465651504695,1,0
0.399149390636012,0.408235148061067,0.340668785152957,0.951500686816871,0,0
0.765923169208691,0.351236514048651,0.672390155261382,0.80862204474397,1,0
0.861612640088424,0.525978588731959,0.117037421790883,0.920715464279056,1,1
0.230764826759696,0.129870892735198,0.774463429581374,0.417343187844381,1,0
0.0853311691898853,0.285734031582251,0.513485889416188,0.820216795429587,1,1
0.186363310320303,0.597923858556896,0.00416291086003184,0.28185096080415,0,0
0.178087439853698,0.00438154651783407,0.185018304735422,0.874997882405296,0,0
0.541719858767465,0.196051737526432,0.408009761245921,0.282844037748873,1,0
0.0174023865256459,0.231616438366473,0.236805475782603,0.889862378127873,0,0
0.0692072249948978,0.923262661090121,0.084650736534968,0.958901149220765,1,1
0.228014367865399,0.318710285471752,0.858593209646642,0.387033133534715,1,1
0.809341923566535,0.690527605125681,0.686764455866069,0.604926960542798,1,1
0.872436438454315,0.454959951806813,0.0286517245694995,0.694995259633288,1,1
0.275017037522048,0.458962334319949,0.465612055268139,0.72396389208734,1,0
0.620388164650649,0.829660180956125,0.624595104949549,0.379327194998041,1,1
0.618972096592188,0.5829433335457,0.715999869629741,0.657634766073897,1,1
0.19276420888491,0.134083430748433,0.163016634061933,0.747998373582959,0,1
0.545158335706219,0.0448759929277003,0.37013280694373,0.551265130518004,0,0
0.0385106038302183,0.737070485018194,0.262107703601941,0.229763327166438,1,1
0.98110652458854,0.540537172462791,0.746633412782103,0.609973041107878,1,1
0.37297674571164,0.588461276842281,0.71166177187115,0.763359835138544,1,1
0.5856034362223,0.975045447936282,0.580131358001381,0.412301733158529,1,1
0.27512304787524,0.62640980980359,0.790635810466483,0.509570304537192,1,1
0.525977206649259,0.871224343543872,0.286502024624497,0.444309246260673,1,1
0.676201783353463,0.916426337091252,0.584801952587441,0.886358757736161,1,1
0.299511161632836,0.138094295747578,0.131084383931011,0.660647443728521,1,0
0.870382285909727,0.103768894216046,0.952788546681404,0.179517715703696,1,1
0.873486797558144,0.0456181182526052,0.259318474680185,0.209239163435996,1,0
0.914708056254312,0.624241562793031,0.0573775039520115,0.633189371787012,1,1
0.255096226930618,0.599241133313626,0.981839256593958,0.0933343251235783,0,1
0.156062470050529,0.156630096957088,0.410864581353962,0.0724643825087696,0,0
0.375553525052965,0.899889321764931,0.865755985258147,0.616495127091184,1,1
0.549894902622327,0.0247934404760599,0.96876442595385,0.815840949537233,1,0
0.296163060935214,0.773767955834046,0.873932162066922,0.582803442608565,1,0
0.934737509815022,0.146874855272472,0.507540962425992,0.314185390016064,1,0
0.694669302087277,0.471133382525295,0.419468336971477,0.121123941848055,1,0
0.550128055969253,0.000235008541494608,0.888335438678041,0.27538103191182,1,0
0.622236056951806,0.236381256720051,0.424311526119709,0.685268150176853,1,0
0.321816934738308,0.889902977738529,0.855375441489741,0.0291121553163975,1,1
0.737716329749674,0.41272321017459,0.397734791273251,0.873204997275025,1,1
0.0929299017880112,0.991389006376266,0.985050342045724,0.123830963391811,1,0
0.0744257776532322,0.018152980832383,0.919524278491735,0.576495562912896,1,0
0.612267448101193,0.697365163592622,0.25887646805495,0.659507309785113,1,1
0.429233903530985,0.383354142541066,0.883600148838013,0.568168780533597,1,1
0.0397773256991059,0.261352265952155,0.795465403934941,0.0981008470989764,1,0
0.730054351733997,0.00726507930085063,0.446183819090948,0.720329336356372,1,0
0.961438979255036,0.668114978121594,0.608931840863079,0.771438375813887,1,1
0.43529552500695,0.477019624318928,0.934391681104898,0.264035866595805,1,0
0.713298970134929,0.328828561352566,0.436902190092951,0.127575145568699,1,0
0.614066836424172,0.293838554061949,0.268046464305371,0.0379975929390639,1,0
0.796807464212179,0.145947555778548,0.186607547337189,0.185667353449389,0,0
0.141765851527452,0.566144770011306,0.0819838643074036,0.826605037087575,1,1
0.772418998880312,0.734423046931624,0.46464918111451,0.293877341318876,1,1
0.730028125923127,0.662950412370265,0.548968471353874,0.136311204638332,1,1
0.727577954065055,0.70760764204897,0.274869289947674,0.240009853150696,1,0
0.344495451776311,0.649264352628961,0.478207325795665,0.116801438620314,1,0
0.17753966501914,0.925713039468974,0.911089998902753,0.829803534550592,1,1
0.496709418715909,0.040020348969847,0.197119649499655,0.704012281959876,1,1
0.881164506776258,0.754421844845638,0.313184198457748,0.170032293302938,1,1
0.746971486834809,0.801870191236958,0.821159460581839,0.445264814654365,1,0
0.286405947757885,0.737508931197226,0.0981902850326151,0.754723206860945,1,1
0.459395830053836,0.985769788734615,0.710752674844116,0.385809863684699,1,0
0.377681195037439,0.970931209390983,0.588528208900243,0.916678441688418,1,1
0.00234235124662519,0.870905450312421,0.43049076711759,0.514075990300626,0,1
0.661039677448571,0.458875931566581,0.282561860978603,0.429968166863546,1,1
0.439344128128141,0.650469695217907,0.521584516158327,0.679039773298427,1,1
0.769161876756698,0.629619736224413,0.155597953824326,0.433932813582942,1,1
0.903529076837003,0.767478896072134,0.936684468528256,0.211242927471176,1,0
0.3907708034385,0.253183116205037,0.44656563620083,0.454809110378847,0,0
0.820832382421941,0.493111815303564,0.628659923328087,0.47020308021456,1,1
